date,pop,rgdp,unemp,ygap_hp,ur_hp,lcpi,pgdp,pi,pix,ffr,tbill3,lpcom,ff4,onrun10,ir_1,ir_2,ir_3,rr_1,rr_2,rr_3,rr_4,gk_var_1,gk_var_2,mp1_tc,ff4_tc,ed2_tc,ed3_tc,ed4_tc,ff1_vr,ff4_vr,ed2_vr,ff1_gkgreen,ff4_gkgreen,ed2_gkgreen,mar_raw,mar_svariv,ad,ford_tfp,bp_tfp_news_sr,bp_tfp_news_lr,bs_tfp_news,bzk_ist_news,bzk_ist,bzk_tfp
1947,142985.5781,1934.585389,,,,,12.566,,,,0.38,,,,,,,,,,,,,,,,,,,,,,,,,,,,,,,,,
1947.25,143669.8281,1932.522558,,,,,12.745,,,,0.38,,,,,,,,,,,,,,,,,,,,,,,,,,,,,,,,,
1947.5,144334.75,1930.230763,,,,,12.957,,,,0.74,,,,,,,,,,,,,,,,,,,,,,,,,,,,,,,,,
1947.75,144961,1960.680928,,,,,13.276,,,,0.91,,,,,,,,,,,,,,,,,,,,,,,,,,,,,,,,,
1948,145587.25,1989.685328,,,,,13.379,,,,0.99,,,,,,,,,,,,,,,,,,,,,,,,,,,,,,,,,
1948.25,146213.5,2021.930799,,,,,13.497,,,,1,,,,,,,,,,,,,,,,,,,,,,,,,,,,,,,,,
1948.5,146844.0781,2033.170874,,,,,13.747,,,,1.05,,,,,,,,,,,,,,,,,,,,,,,,,,,,,,,,,
1948.75,147483.3281,2035.680615,,,,,13.789,,,,1.14,,,,,,,,,,,,,,,,,,,,,,,,,,,,,,,,,
1949,148122.5781,2007.727637,,,,,13.717,,,,1.17,,,,,,,,,,,,,,,,,,,,,,,,,,,,,,,,,
1949.25,148761.8281,2000.883718,,,,,13.579,,,,1.17,,,,,,,,,,,,,,,,,,,,,,,,,,,0.949669658,,,,,,
1949.5,149444.9219,2023.095714,,,,,13.509,,,,1.04,,,,,,,,,,,,,,,,,,,,,,,,,,,0.126884525,0.012631721,0.011430328,,,,
1949.75,150215.6719,2004.734428,,,,,13.518,,,,1.08,,,,,,,,,,,,,,,,,,,,,,,,,,,-1.130330398,0.065689519,0.010713686,,,,
1950,150986.4219,2084.507042,,,,,13.49,,,,1.1,,,,,,,,,,,,,,,,,,,,,,,,,,,1.099368412,-0.031311743,0.007583287,,,,
1950.25,151757.1719,2147.289112,,,,,13.538,,,,1.15,,,,,,,,,,,,,,,,,,,,,,,,,,,0.001545128,0.006937274,0.007945375,,,,
1950.5,152488.25,2230.335454,,,,,13.832,,,,1.22,,,,,,,,,,,,,,,,,,,,,,,,,,,0.09863537,-0.039731063,-0.005752773,,,,
1950.75,153140,2273.243435,,,,,14.09,,,,1.34,,,,,,,,,,,,,,,,,,,,,,,,,,,-0.610338956,0.063080661,0.016059145,,,,
1951,153791.75,2304.741025,,,,,14.596,,,,1.37,,,,,,,,,,,,,,,,,,,,,,,,,,,-1.565861469,0.07080549,0.016305054,,,,
1951.25,154443.5,2344.813504,,,,,14.692,,,,1.49,,,,,,,,,,,,,,,,,,,,,,,,,,,-0.587264577,-0.025425525,-0.007106216,,,,
1951.5,155100.9219,2393.034487,,,,,14.701,,,,1.6,,,,,,,,,,,,,,,,,,,,,,,,,,,2.184634744,0.018430686,0.015467726,,,,
1951.75,155769.6719,2398.278297,,,,,14.869,,,,1.61,,,,,,,,,,,,,,,,,,,,,,,,,,,-0.149335027,-0.005945301,-0.006101741,,,,
1952,156522,2423.467671,,,,,14.863,,,,1.57,,,,,,,,,,,,,,,,,,,,,,,,,,,-1.166215893,0.036944922,0.006687584,,1.451525788,-1.122728709,-0.328319393
1952.25,157142,2428.437038,,,,,14.882,,,,1.65,,,,,,,,,,,,,,,,,,,,,,,,,,,1.065549912,-0.018221805,-0.005013944,,1.00026265,1.414615263,-1.053048254
1952.5,157801,2446.172249,,,,,15.048,,,,1.78,,,,,,,,,,,,,,,,,,,,,,,,,,,-1.990059427,0.036334936,0.009732267,,0.983620965,-1.089206139,-1.870913552
1952.75,158505,2526.008879,,,,,15.091,,,,1.89,,,,,,,,,,,,,,,,,,,,,,,,,,,0.623684975,-0.045796204,-0.006574943,,1.269194308,3.270731342,0.742635175
1953,159164,2573.529412,,,,,15.096,,,,1.98,,,,,,,,,,,,,,,,,,,,,,,,,,,1.861198613,0.008044118,0.005795312,,-1.55745362,-2.185326469,1.718437991
1953.25,159752,2593.719008,,,,,15.125,,,,2.15,,,,,,,,,,,,,,,,,,,,,,,,,,,0.4650914,-0.071143314,-0.022149207,,-0.424390309,1.199293006,1.8562707
1953.5,160450,2579.009745,,,,,15.188,,,,1.96,,,,,,,,,,,,,,,,,,,,,,,,,,,-0.65596637,0.013205265,-0.001514833,,-0.678089873,2.026904994,1.473603833
1953.75,161218,2539.588672,,,,,15.219,,,,1.47,,,,,,,,,,,,,,,,,,,,,,,,,,,-0.602152281,0.049984705,0.006297504,,-1.391946819,0.21056684,0.396791007
1954,161909,2527.839644,,,,,15.266,,,,1.06,,,,,,,,,,,,,,,,,,,,,,,,,,,-1.095264351,0.050147209,0.012491218,,0.824606792,-1.068125129,-0.181689965
1954.25,162568,2530.593548,,,,,15.281,,,,0.79,,,,,,,,,,,,,,,,,,,,,,,,,,,0.637378149,0.054424208,0.017172219,,0.435679108,2.11489536,0.218775697
1954.5,163295,2559.477124,,,,,15.3,,,1.03,0.88,,,,,,,,,,,,,,,,,,,,,,,,,,,-0.064577011,0.034657896,0.010336558,,1.943923046,1.919961601,0.177554029
1954.75,164101,2609.007365,,,,,15.343,,,0.99,1.02,,,,,,,,,,,,,,,,,,,,,,,,,,,0.042058599,0.032516539,0.011281008,,-0.680253021,-0.762656711,-0.472076195
1955,164805,2684.050075,,,,,15.417,,,1.35,1.22,,,,,,,,,,,,,,,,,,,,,,,,,,,0.119162509,0.025014471,0.010824582,,-0.049843965,0.170951441,0.618614748
1955.25,165470,2727.214004,,,,,15.481,,,1.5,1.48,,,,,,,,,,,,,,,,,,,,,,,,,,,0.25413965,0.016975684,0.006588356,,-0.344255885,-0.81152891,0.297194961
1955.5,166199,2763.951251,,,,,15.59,,,1.94,1.86,,,,,,,,,,,,,,,,,,,,,,,,,,,-0.40422232,0.10062138,0.025965948,,-1.166046344,-1.568438113,-0.363385967
1955.75,167016,2780.918503,,,,,15.743,,,2.36,2.34,,,,,,,,,,,,,,,,,,,,,,,,,,,-2.313732885,-0.006468277,-0.008186054,,1.750924292,-0.666046344,-1.17194687
1956,167745,2770.091812,,,,,15.902,,,2.48,2.33,,,,,,,,,,,,,,,,,,,,,,,,,,,-1.112395838,0.033113867,0.005666909,,-0.089281671,-1.279336269,-1.56054066
1956.25,168439,2793.023692,,,,,15.997,,,2.69,2.57,,,,,,,,,,,,,,,,,,,,,,,,,,,0.005749236,0.017352009,0.005790009,,-0.635350021,0.439398198,-0.950575056
1956.5,169194,2790.640242,,,,,16.197,,,2.81,2.58,,,,,,,,,,,,,,,,,,,,,,,,,,,-1.785124932,0.002560228,-0.004818073,,-0.957092848,-1.964852256,-1.4527841
1956.75,170053,2836.325627,,,,,16.264,,,2.93,3.03,,,,,,,,,,,,,,,,,,,,,,,,,,,1.534356661,-0.068588346,-0.01447143,,-1.157594675,-1.661175092,1.257985217
1957,170802,2854.716409,,,,,16.485,,,2.93,3.1,,,,,,,,,,,,,,,,,,,,,,,,,,,0.222231556,-0.038457461,-0.014101953,,0.517833819,0.239947968,0.40560579
1957.25,171504,2848.021204,,,,,16.601,,,3,3.14,,,,,,,,,,,,,,,,,,,,,,,,,,,-1.53885203,0.074042045,0.016530272,,-0.250931415,-0.204748349,-0.329198374
1957.5,172260,2875.875696,,,,,16.701,,,3.23,3.35,,,,,,,,,,,,,,,,,,,,,,,,,,,-0.127765275,-0.04153537,-0.01409257,,0.052319641,1.079539385,1.561554947
1957.75,173061,2846.62797,,,,,16.711,,,3.25,3.31,,,,,,,,,,,,,,,,,,,,,,,,,,,2.013433308,-0.111767821,-0.034249172,,-2.76563556,-0.940867615,0.661331826
1958,173741,2772.910253,,,,,16.892,,,1.87,1.76,,,,,,,,,,,,,,,,,,,,,,,,,,,-1.391252371,0.091399029,0.017532811,,-1.902548934,1.079712868,-2.453824101
1958.25,174404,2791.027155,,,,,16.94,,,0.94,0.96,,,,,,,,,,,,,,,,,,,,,,,,,,,0.727799305,0.015837098,0.004589881,,1.952958403,0.616951134,-0.838371084
1958.5,175146,2855.71789,,,,,17.043,,,1.32,1.68,,,,,,,,,,,,,,,,,,,,,,,,,,,-0.796334259,0.031950071,0.015290216,,1.414895124,-0.388836136,-0.232409614
1958.75,175957,2922.385096,,,,,17.123,,,2.16,2.69,,,,,,,,,,,,,,,,,,,,,,,,,,,-1.66301509,0.055144046,0.01814802,,0.803611868,0.115014175,-0.950947826
1959,176679,2976.876929,5.833333333,,,3.367065747,17.169,,,2.58,2.77,4.607473627,,,,,,,,,,,,,,,,,,,,,,,,,,0.144520949,0.003091714,0.000377141,,-0.270410216,-1.802659518,-0.569561724
1959.25,177367,3048.737932,5.1,,,3.368787295,17.194,,,3.08,3,4.636562628,,,,,,,,,,,,,,,,,,,,,,,,,,0.031716259,0.007824047,0.003762027,,0.156606132,0.154919576,-0.202412779
1959.5,178102,3043.22633,5.266666667,,,3.373939343,17.258,,,3.57,3.54,4.623370106,,,,,,,,,,,,,,,,,,,,,,,,,,2.093831305,0.025621695,0.001710156,,-1.914293452,0.568272514,-0.86261717
1959.75,178910,3054.946323,5.6,,,3.379973282,17.326,,,3.99,4.23,4.606841697,,,,,,,,,,,,,,,,,,,,,,,,,,-0.630145438,-0.021483958,-0.007708467,,0.272404927,0.960079276,-0.172905171
1960,179590,3122.952233,5.133333333,,,3.380881083,17.397,,,3.93,3.87,4.596798897,,,,,,,,,,,,,,,,,,,,,,,,,,1.258626774,-0.059787568,-0.006006815,,0.226632007,-0.251189844,2.807729643
1960.25,180224,3111.27673,5.233333333,,,3.386872584,17.443,,,3.7,2.99,4.614125967,,,,,,,,,,,,,,,,,,,,,,,,,,-1.242787281,0.035445191,-0.000727763,,1.420467395,0.574780018,-1.634148304
1960.5,180951,3118.930652,5.533333333,,,3.387436009,17.506,,,2.94,2.36,4.605370943,,,,,,,,,,,,,,,,,,,,,,,,,,-0.953927709,0.003514345,-0.004094286,,-1.252981686,0.158953549,-0.650134248
1960.75,181789,3081.43508,6.266666667,,,3.393836689,17.56,,,2.3,2.31,4.578822812,,,,,,,,,,,,,,,,,,,,,,,,,,0.076005435,-0.00269906,-0.007285371,,-1.446722238,0.512040527,-1.611513353
1961,182516,3102.057052,6.8,,,3.395849775,17.598,,,1.99,2.35,4.600801433,,,,,,,,,,,,,,,,,,,,,,,,,,-1.05869721,0.121014193,0.036162969,-0.358590517,0.752816524,0.298145548,-1.106330741
1961.25,183220,3159.684825,7,,,3.395514486,17.641,,,1.73,2.3,4.614616364,,,,,,,,,,,,,,,,,,,,,,,,,,1.785468895,-0.037539553,-0.002745322,1.680528262,-0.030747746,-1.311455237,1.524308445
1961.5,183964,3212.528976,6.766666667,,,3.399417675,17.687,,,1.68,2.3,4.60092499,,,,,,,,,,,,,,,,,,,,,,,,,,-0.680549076,-0.009389593,-0.003893197,-1.284507143,-0.1701923,0.492441419,-0.573037496
1961.75,184774,3277.54297,6.2,,,3.400863882,17.745,,,2.4,2.46,4.590186046,,,,,,,,,,,,,,,,,,,,,,,,,,0.359194537,0.042911034,0.01356798,-1.009750621,0.702695669,0.177260134,0.152385888
1962,185448,3336.884005,5.633333333,,,3.404745074,17.837,,,2.46,2.72,4.596120176,,,,,,,,,,,,,,,,,,,,,,,,,,-0.388394759,-0.03744733,-0.013386848,-0.309391963,-0.88242796,0.408747444,1.197682848
1962.25,186092,3372.887048,5.533333333,,,3.408503847,17.866,,,2.61,2.72,4.56682512,,,,,,,,,,,,,,,,,,,,,,,,,,0.433289912,-0.104184993,-0.029122084,-0.188159584,-0.526725648,-0.062923452,0.521901005
1962.5,186795,3405.015919,5.566666667,,,3.411363891,17.903,,,2.85,2.84,4.547540759,,,,,,,,,,,,,,,,,,,,,,,,,,1.109954595,-0.048486263,-0.007917503,1.008422019,-0.759910855,0.26203595,1.344016388
1962.75,187564,3417.883822,5.533333333,,,3.413784497,17.938,,,2.92,2.81,4.551732162,,,,,,,,,,,,,,,,,,,,,,,,,,1.341893535,0.030249998,0.013076684,0.442580199,1.53568704,1.48850334,-0.134941353
1963,188204,3456.180274,5.766666667,,,3.416960921,18.017,,,2.97,2.91,4.552035941,,,,,,,,,,,,,,,,,,,,,,,,,,0.026744609,0.070998371,0.018690607,-1.905714481,-0.298129737,-0.431678632,0.096063522
1963.25,188796,3500.858869,5.733333333,,,3.418817328,18.047,,,2.96,2.94,4.563052194,,,,,,,,,,,,,,,,,,,,,,,,,,-0.031140854,0.025506688,0.007700108,-1.158252611,-0.319119102,-1.423909409,-0.11351636
1963.5,189500,3569.649676,5.5,,,3.42491359,18.069,,,3.33,3.29,4.553616431,,,,,,,,,,,,,,,,,,,,,,,,,,1.332214477,-0.019038975,-0.000943276,0.525069651,0.43390782,0.285338244,1.451929897
1963.75,190255,3594.642073,5.566666667,,,3.427621283,18.216,,,3.45,3.5,4.580013882,,,,,,,,,,,,,,,,,,,,,,,,,,-0.24156584,0.02160698,0.004003454,0.249881547,-0.151705759,-0.500744067,-0.514184902
1964,190858,3672.430776,5.466666667,,,3.431726482,18.274,,,3.46,3.53,4.572214841,,,,,,,,,,,,,,,,,,,,,,,,,,1.423274368,0.029437194,0.010694921,-0.541123566,1.348467307,0.125415424,1.005945835
1964.25,191453,3716.562944,5.2,,,3.433341522,18.318,,,3.49,3.48,4.580588285,,,,,,,,,,,,,,,,,,,,,,,,,,0.203115291,0.005704444,0.000996587,-0.538224529,1.025092732,-0.251065031,-0.016894396
1964.5,192132,3766.855154,5,,,3.435598497,18.392,,,3.46,3.5,4.603425581,,,,,,,,,,,,,,,,,,,,,,,,,,0.748530766,0.015203536,0.006503646,1.588577483,0.114346067,0.133490293,0.217352051
1964.75,192839,3780.038969,4.966666667,,,3.440202877,18.476,,,3.58,3.68,4.651665565,,,,,,,,,,,,,,,,,,,,,,,,,,-1.089871506,0.01129582,-0.000497623,0.34710537,-0.798981077,0.004143072,-1.241581447
1965,193385,3873.12187,4.9,,,3.443298456,18.569,,,3.98,3.89,4.650966216,,,,,,,,,,,,,,,,,,,,,,,,,,-0.153253899,-0.009702372,0.003455669,-0.6569566,1.209067128,-0.031909016,0.616490326
1965.25,193895,3926.656659,4.666666667,,,3.449665566,18.652,,,4.08,3.87,4.673376563,,,,,,,,,,,,,,,,,,,,,,,,,,0.704711612,-0.002635785,-0.002631993,-0.599861845,-0.059415244,0.582282,-0.739066572
1965.5,194531,4006.194596,4.366666667,,,3.452629143,18.726,,,4.08,3.87,4.668639123,,,,,,,,,,,,,,,,,,,,,,,,,,1.955943376,-0.025173778,-0.002222811,2.695513183,0.682760797,0.261647851,1.164366594
1965.75,195188,4100.673633,4.1,,,3.457889419,18.853,,,4.17,4.17,4.692748063,,,,,,,,,,,,,,,,,,,,,,,,,,2.184646019,0.025256624,0.012156867,-0.357077732,1.457722137,0.511480666,1.508197817
1966,195686,4201.844532,3.866666667,,,3.467185593,18.975,,,4.56,4.61,4.748404867,,,,,,,,,,,,,,,,,,,,,,,,,,0.557257417,-0.03649839,-0.005719683,-0.572923557,-0.521092948,0.454309533,1.307171613
1966.25,196183,4219.329883,3.833333333,,,3.476200938,19.131,,,4.91,4.59,4.734535451,,,,,,,,,,,,,,,,,,,,,,,,,,-0.782833952,-0.0329272,-0.015433999,-0.209786848,0.045925372,-0.369024257,-0.781222708
1966.5,196769,4249.107004,3.766666667,,,3.484816087,19.317,,,5.41,5.04,4.723435673,,,,,,,,,,,,,,,,,,,,,,,,,,-0.331857338,-0.054380611,-0.017794194,-0.674491079,-0.204470342,0.611704825,-0.423569945
1966.75,197392,4285.714286,3.7,,,3.492965564,19.481,,,5.56,5.21,4.657073927,,,,,,,,,,,,,,,,,,,,,,,,,,0.08912309,-0.016179286,-0.002487745,0.561643896,0.143911372,-0.819532065,0.631704533
1967,197888,4324.711175,3.833333333,,,3.495495927,19.562,,,4.82,4.51,4.640274148,,,,,,,,,,,,,,,,,,,,,,,,,,0.159284799,0.087126046,0.025695441,0.286372703,0.745595171,0.078745761,0.786430265
1967.25,198369,4328.874421,3.833333333,,,3.501541321,19.661,,,3.99,3.66,4.612234287,,,,,,,,,,,,,,,,,,,,,,,,,,0.288313242,0.004134413,-0.000704032,1.135996046,-0.7584733,-0.750399405,0.183610252
1967.5,198912,4365.963021,3.8,,,3.511542469,19.849,,,3.89,4.3,4.591194016,,,,,,,,,,,,,,,,,,,,,,,,,,-0.833062904,0.011293596,-0.000334952,-0.731352734,-0.642056105,-1.412533877,-0.596874417
1967.75,199489,4401.255793,3.9,,,3.522424459,20.067,,,4.17,4.75,4.578019347,,,,,,,,,,,,,,,,,,,,,,,,,,-1.027189711,-0.015663521,-0.006234712,-0.896906848,-0.771683774,-0.731019518,-0.642837949
1968,199928,4490.389354,3.733333333,,,3.532222794,20.29,,,4.79,5.05,4.590424168,,,,,,,,,,,,,,,,,,,,,,,,,,1.793462998,-0.070009083,-0.014494839,0.692960366,1.599942936,0.636414148,1.86725267
1968.25,200368,4566.426063,3.566666667,,,3.541918525,20.504,,,5.98,5.52,4.57419849,,,,,,,,,,,,,,,,,,,,,,,,,,0.920079317,0.057024371,0.01944002,0.090317697,0.638071489,-0.571331926,0.731801328
1968.5,200900,4599.150005,3.533333333,,,3.55534534,20.706,,,5.95,5.2,4.562218564,,,,,,,,,,,,,,,,,,,,,,,,,,0.240471439,-0.012468922,-0.00590993,0.032230655,-0.030787292,-0.906068428,-0.912769303
1968.75,201459,4619.743797,3.4,,,3.567646807,20.999,,,5.92,5.59,4.598161279,,,,,,,,,,,,,,,,,,,,,,,,,,-0.554830271,0.041806236,0.008347365,1.375652596,-1.141197126,-0.536161358,-1.07570517
1969,201888,4691.52095,3.4,1.626785866,-0.67383802,3.579797149,21.217,3.87824,4.37492,6.57,6.09,4.651519239,,,,,,-0.24526549,-0.246049,-0.2274091,-0.184388582,,,,,,,,,,,,,,,,,-1.158156915,-0.059694793,-0.019268503,-1.103472789,1.211847652,0.405023622,-0.407886697
1969.25,202333,4706.813105,3.433333333,1.138910676,-0.747147374,3.595478252,21.488,5.08968,4.78988,8.33,6.2,4.697053859,,,,,,0.58851657,0.5906745,0.6749188,0.534632007,,,,,,,,,,,,,,,,,-0.42987941,0.01573625,0.002682948,0.942618776,-0.84644467,0.008333924,-0.855538243
1969.5,202881,4736.117485,3.566666667,1.028049591,-0.632793006,3.609108789,21.79,4.8984,4.619,8.98,7.02,4.725658449,,,,,,0.51913821,0.519298,0.4843627,0.521231729,,,,,,,,,,,,,,,,,-0.664974974,-0.087203152,-0.026805352,-0.818236323,0.083870762,0.30201303,-0.197295286
1969.75,203492,4715.237189,3.566666667,-0.212717655,-0.729216375,3.624331451,22.071,4.62068,4.68544,8.94,7.35,4.737448925,,,,,,0.14714671,0.1479118,0.1658559,0.153874488,,,,,,,,,,,,,,,,,-0.444905093,0.022072198,0.001735798,0.872034702,-0.252942876,0.026455998,-1.02440641
1970,204004,4706.907336,4.166666667,-1.101439588,-0.234463448,3.640205097,22.382,4.63992,4.3708,8.56,7.21,4.758229955,,,,,,-0.65963701,-0.6605632,-0.5745371,-0.578449691,,,,,,,,,,,,,,,,,0.419169894,-0.064053647,-0.023052316,0.055272404,0.187926688,0.531716718,-0.241413386
1970.25,204613,4715.343263,4.766666667,-1.693401842,0.253875571,3.654110255,22.694,4.41848,4.5198,7.88,6.68,4.745066006,,,,,,-0.02406602,-0.0259126,-0.0259718,0.013839502,,,,,,,,,,,,,,,,,0.087624585,-0.118440025,-0.033270609,-0.214771985,-0.699436016,-0.050704479,0.531804898
1970.5,205296,4757.43007,5.166666667,-1.508211859,0.538357016,3.664410881,22.88,3.89672,4.44504,6.71,6.33,4.724161177,,,,,,-0.99756538,-1.001679,-0.9256776,-0.958174688,,,,,,,,,,,,,,,,,1.443850387,0.008393195,0.009094123,1.002986502,-0.662051586,-0.264948686,1.160669205
1970.75,206017,4708.394444,5.833333333,-3.319857405,1.021378549,3.678820616,23.182,5.18988,5.61968,5.57,5.35,4.69235525,,,,,,-0.58402335,-0.5805882,-0.5999238,-0.678920747,,,,,,,,,,,,,,,,,-1.031117468,0.078983046,0.013971405,-0.161719307,-1.34997626,-0.840950623,-1.566596757
1971,206663,4834.296397,5.933333333,-1.379094497,1.005001359,3.687210701,23.536,3.78468,5.06868,3.86,3.84,4.689267731,,,,,,-0.77179544,-0.772168,-0.8935021,-0.754885584,,,,,,,,,,,,,,,,,0.759890326,0.040487904,0.019871341,-0.351263825,1.130200823,-0.868140901,2.021995506
1971.25,207262,4862.031368,5.9,-1.583875576,0.890648274,3.696343259,23.846,4.561,4.5614,4.57,4.25,4.690258994,,,,,,0.8060988,0.8077134,0.877007,0.719257152,,,,,,,,,,,,,,,,,-0.44018189,-0.004701781,-0.004352231,-0.808622183,-0.782753697,0.285336087,-0.738464072
1971.5,207885,4899.950183,6.033333333,-1.513918331,0.879113996,3.70622608,24.088,3.92752,3.7708,5.48,5.01,4.682247829,,,,,,-0.11703265,-0.1163608,-0.1003367,-0.086453995,,,,,,,,,,,,,,,,,0.440649934,-0.046460472,-0.011973238,1.155830368,-0.57972239,1.49706815,-0.47399136
1971.75,208547,4914.361001,5.933333333,-2.032101909,0.670636571,3.713570084,24.288,2.48164,2.28256,4.75,4.23,4.667104888,,,,,,-1.583165,-1.581268,-1.527481,-1.702562742,,,,,,,,,,,,,,,,,0.015710983,-0.027339034,-0.009989447,-1.158606268,0.900170846,0.828902331,-1.519699143
1972,209063,5002.432695,5.766666667,-0.965418783,0.464904599,3.721666673,24.664,4.22112,3.83384,3.55,3.44,4.7215107,,,,,,-0.06818728,-0.0683501,-0.1236863,-0.295661016,,,,,,,,,,,,,,,,,-0.777038742,0.068696342,0.024203084,1.126435481,-0.720080558,-1.475612252,-0.548616677
1972.25,209552,5118.275237,5.7,0.524933557,0.261187533,3.728098241,24.815,2.30932,2.7044,4.3,3.77,4.771111104,,,,,,-0.26899001,-0.2684411,-0.3411304,-0.344253081,,,,,,,,,,,,,,,,,1.534112947,-0.041522183,-0.005661506,0.298352741,0.70575432,-0.93376722,1.57042385
1972.5,210083,5165.282657,5.566666667,0.716414832,0.05846426,3.736076636,25.048,3.51232,3.01084,4.74,4.22,4.797092112,,,,,,0,-0.1365761,-0.111762,0,,,,,,,,,,,,,,,,,0.268114845,-0.00457233,0.000123361,0.976854303,1.036908467,0.514263822,-0.979761727
1972.75,210652,5251.123551,5.366666667,1.637777318,-0.244449575,3.746357553,25.366,3.26412,2.51064,5.15,4.86,4.845123681,,,,,,0.00926985,-0.0500024,-0.05911,0.001393559,,,,,,,,,,,,,,,,,1.507444913,0.010836206,0.009634155,0.567828035,1.07111282,1.050980321,-0.264591622
1973,211120,5380.53856,4.933333333,3.355715395,-0.848774868,3.761952826,25.661,4.81864,2.78756,6.54,5.7,4.957860703,,,,,,0.56926885,0.5687581,0.5286473,0.497353027,,,,,,,,,,,,,,,,,1.773278227,-0.043811794,-0.007246963,-2.196141236,-1.677117868,-0.348445341,1.388252533
1973.25,211581,5441.424843,4.933333333,3.726442425,-0.955579733,3.782662404,26.052,7.68952,5.4488,7.82,6.6,5.085078039,,,,,,0.66346977,0.6627217,0.5815276,0.677691584,,,,,,,,,,,,,,,,,-0.534504652,-0.068686888,-0.021378556,-1.412891256,-0.547303126,1.214249139,-0.73229515
1973.5,212097,5411.87992,4.8,2.501938826,-1.1654018,3.802161455,26.549,7.27868,5.31608,10.56,8.32,5.271682301,,,,,,-0.1379882,-0.1358653,-0.2387917,-0.020128272,,,,,,,,,,,,,,,,,-1.911679607,0.011004761,-0.002103532,-0.394919069,-0.130133577,1.879283186,-2.378603141
1973.75,212631,5462.569709,4.766666667,2.762095127,-1.278181461,3.827171598,27.077,8.18728,5.5666,10,7.5,5.278433304,,,,,,-1.1080757,-1.106653,-1.189948,-1.132525739,,,,,,,,,,,,,,,,,-0.240632271,-0.053020757,-0.013794838,-1.640791984,-0.100749729,1.914915835,0.21062234
1974,213072,5417.149899,5.133333333,1.222870629,-1.093130734,3.856473046,27.592,11.904,6.86932,9.33,7.62,5.420292819,,,,,,0.7276556,0.7302715,0.7318664,0.521694631,,,,,,,,,,,,,,,,,-1.560725323,-0.048296258,-0.022652948,-1.124738675,-2.233453749,2.155486067,-1.587287348
1974.25,213520,5431.180969,5.2,0.787876679,-1.108662771,3.882908669,28.248,11.32212,9.93596,11.25,8.15,5.418767753,,,,,,1.0582328,1.056691,0.9913459,1.143914927,,,,,,,,,,,,,,,,,-0.378205247,-0.052838054,-0.017365646,-1.28015598,-0.995696656,-1.125169972,0.683475199
1974.5,214047,5378.608043,5.633333333,-0.8370492,-0.82250752,3.91063222,29.067,10.79968,11.43724,12.1,8.19,5.464275518,,,,,,-0.54251636,-0.540933,-0.6221972,-0.718589721,,,,,,,,,,,,,,,,,-1.283631147,-0.203317106,-0.064781852,-0.328955793,-1.115452759,-2.97193583,-0.047680364
1974.75,214619,5357.08318,6.6,-1.910905188,0.068297989,3.940908744,29.923,10.1604,9.76436,9.34,7.36,5.411663234,,,,,,-0.17601167,-0.176415,-0.3070521,-0.439098362,,,,,,,,,,,,,,,,,-0.932477576,-0.019020719,-0.005547707,0.706898301,-1.050370832,-1.525211337,0.480844592
1975,215065,5292.637496,8.266666667,-3.836527786,1.667230789,3.962074561,30.601,7.52672,7.82564,6.31,5.75,5.307538,,,,,,-0.60945371,-0.6107861,-0.6043138,-0.682713853,,,,,,,,,,,,,,,,,2.584960845,0.092192516,0.027458921,3.24218354,-0.227561366,-0.422421295,1.2206546
1975.25,215548,5333.075759,8.866666667,-3.846306282,2.177725229,3.974050165,31.059,4.91076,6.0868,5.42,5.39,5.269107679,,,,,,-0.33116529,-0.3328659,-0.2432384,-0.17144422,,,,,,,,,,,,,,,,,0.98871455,0.036843009,0.013283097,0.446897523,1.861880222,-0.881278976,1.077980848
1975.5,216187,5421.358978,8.466666667,-2.894481665,1.70217364,3.993899613,31.612,7.48744,6.00948,6.16,6.33,5.310388145,,,,,,-0.1802546,-0.1783914,-0.192966,-0.419263727,,,,,,,,,,,,,,,,,-0.43862344,-0.08748626,-0.021817328,-0.74252776,-0.105779483,0.814339561,0.282618463
1975.75,216763,5494.57046,8.3,-2.326110354,1.441607272,4.012156486,32.139,6.71336,6.51348,5.41,5.63,5.268699153,,,,,,-0.20080652,-0.2030073,-0.2928912,-0.494468336,,,,,,,,,,,,,,,,,-0.9105301,0.013241127,0.003332048,-1.15248188,-0.905436444,-0.508127615,-0.314509853
1976,217242,5618.513842,7.733333333,-0.89364038,0.795993517,4.023563313,32.473,4.40476,6.08148,4.83,4.92,5.263740661,,,,,,-0.79870315,-0.7982562,-0.8150342,-0.712422514,,,,,,,,,,,,,,,,,-0.127878484,0.058227621,0.02321017,0.565569446,1.1118836,-0.777213742,1.777701634
1976.25,217691,5660.762735,7.566666667,-0.973201852,0.664398765,4.032459727,32.803,3.33988,4.79232,5.2,5.16,5.318938167,,,,,,-0.19628434,-0.1973201,-0.1452676,-0.11158241,,,,,,,,,,,,,,,,,0.462793857,-0.041636288,-0.011617949,1.80974233,-0.151950542,-0.535290295,0.625953088
1976.5,218236,5689.821224,7.733333333,-1.252172589,0.745391907,4.048291486,33.226,6.07764,6.2646,5.28,5.15,5.340416256,,,,,,-0.16406607,-0.1626259,-0.205499,-0.189973122,,,,,,,,,,,,,,,,,0.139011374,0.022104584,0.007576999,1.791178578,-0.918832066,0.383257547,-0.116671327
1976.75,218828,5732.367293,7.766666667,-1.367549523,0.837126586,4.062732979,33.815,6.32664,6.26264,4.87,4.67,5.288747288,,,,,,-0.1420563,-0.1394514,-0.2118412,-0.330644341,,,,,,,,,,,,,,,,,0.113195827,-0.05233686,-0.014346983,2.476030772,-1.08423302,-1.013559768,0.792421728
1977,219342,5799.062837,7.5,-1.037031253,0.537290575,4.080901536,34.359,7.21472,6.72512,4.66,4.63,5.360515916,,,,,,-0.40944483,-0.4087758,-0.4797344,-0.428815774,,,,,,,,,,,,,,,,,-0.086380842,-0.023657473,-0.003786251,-0.248245417,-0.576865183,0.975872438,0.253238031
1977.25,219863,5913.148302,7.133333333,0.043765316,0.143048443,4.098220093,34.841,6.84356,6.12244,5.16,4.84,5.374904789,,,,,,-0.24522328,-0.2469198,-0.3274969,-0.269588213,,,,,,,,,,,,,,,,,-0.888632816,-0.060932077,-0.011526072,-2.298785609,0.560602506,1.59626907,0.112587301
1977.5,220462,6017.578679,6.9,0.993247792,-0.048771047,4.111960499,35.27,6.01488,6.64956,5.82,5.5,5.308556655,,,,,,-0.13594057,-0.134786,-0.2129834,-0.17920743,,,,,,,,,,,,,,,,,0.173182839,-0.038725667,-0.004390564,-0.052955873,0.258001352,-0.118108679,1.131869143
1977.75,221105,6018.148518,6.666666667,0.168978006,-0.24142854,4.126585894,36.036,5.69008,5.81452,6.51,6.11,5.334003193,,,,,,-0.19597303,-0.1965102,-0.2208928,-0.285830704,,,,,,,,,,,,,,,,,-1.532904336,-0.046624303,-0.017830631,-0.753891033,1.045443067,-0.827301923,-1.728770605
1978,221633,6039.154568,6.333333333,-0.320650916,-0.638154194,4.143653345,36.573,6.56024,6.24032,6.76,6.39,5.400597438,,,,,,-0.05723155,-0.0573382,-0.1508405,-0.248332353,,,,,,,,,,,,,,,,,-0.41121841,-0.042620808,-0.013584641,0.6011472,-0.03862803,-0.558809409,-1.781668278
1978.25,222182,6274.099135,6,2.686394207,-0.94202728,4.166123952,37.242,8.2114,6.90028,7.28,6.48,5.43189539,,,,,,-0.04148069,-0.0431148,-0.1444739,-0.134151028,,,,,,,,,,,,,,,,,1.226020746,0.030925613,0.021631392,-2.557151822,-1.115403019,0.019964732,2.243388615
1978.5,222814,6335.402086,6.033333333,2.932295183,-0.955728219,4.189130177,37.865,7.03208,6.86024,8.09,7.31,5.463812961,,,,,,-0.36178727,-0.3622698,-0.4080551,-0.248805524,,,,,,,,,,,,,,,,,-0.175652092,0.007339024,0.00104363,0.507053857,-0.094922871,0.278496114,0.155224857
1978.75,223473,6420.423683,5.9,3.546948682,-1.081348665,4.212115892,38.661,7.55184,7.17984,9.58,8.57,5.526763713,,,,,,0.25913838,0.2603568,0.2322706,0.215316919,,,,,,,,,,,,,,,,,-0.46535792,-0.078239605,-0.024054118,-0.870933908,0.572794833,0.767946847,0.35541836
1979,224051,6433.218134,5.866666667,3.042507923,-1.120382944,4.236966752,39.352,7.537,5.47304,10.07,9.38,5.586349922,,,,,,-0.01890217,-0.0172532,-0.0999674,-0.133071205,,,,,,,,,,,,,,,,,-0.324190501,0.022366485,0.006323184,-0.51481628,-0.503206928,-0.655398729,0.170641078
1979.25,224638,6440.799921,5.7,2.501991884,-1.373649536,4.26825602,40.304,10.92528,8.78832,10.18,9.38,5.624579604,,,,,,0.04108413,0.0391264,-0.0272534,0.026893615,,,,,,,,,,,,,,,,,-0.23969985,-0.005209562,-0.007004887,-0.560191109,-0.978980124,1.211667617,-0.163461019
1979.5,225299,6487.064254,5.866666667,2.629703872,-1.241266685,4.299972727,41.165,9.92848,7.38268,10.94,9.67,5.636937802,,,,,,0.85842991,0.8605912,0.8895471,0.87781184,,,,,,,,,,,,,,,,,-1.17676974,0.024144277,0.005706502,-1.698319089,0.01134224,1.351526567,0.801459229
1979.75,226024,6503.834612,5.966666667,2.298754991,-1.222494102,4.331130149,41.986,9.68092,8.3484,13.58,11.84,5.647469762,,,,,,0.04493795,0.0449353,0.0993315,0.101576681,,,,,,,,,,,,,,,,,-0.420773528,-0.042617302,-0.013970354,-0.359117262,-0.161047561,0.539928439,-0.121770481
1980,226652,6524.883922,6.3,2.058861786,-1.015815707,4.369810844,42.859,12.00588,9.78288,15.07,13.35,5.665333835,,,,,,1.6080407,1.607087,1.813551,1.864640079,,,,,,,,,,,,,,,2.542549369,,0.368690456,0.023926385,0.006223479,0.187764888,-1.746954352,-0.121340976,0.41740217
1980.25,227278,6392.465753,7.333333333,-0.556605422,-0.118951361,4.40302204,43.8,9.7932,8.94616,12.67,9.62,5.581666988,,,,,,-3.9847327,-3.986086,-4.058774,-3.991197769,,,,,,,,,,,,,,,-5.947250119,,-0.889087876,-0.032743387,-0.022154657,1.684946225,-0.771813794,0.114821354,-2.086535355
1980.5,227955,6382.788788,7.666666667,-1.196176539,0.171013961,4.421627547,44.808,9.35312,8.90536,9.82,9.15,5.653375018,,,,,,0.97584303,0.9786537,1.164973,1.03672962,0.122011809,-0.002756345,,,,,,,,,,,,,0.812723119,,-0.419264653,0.120986,0.035227869,-0.321411102,1.327980673,1.233827164,-0.325527972
1980.75,228603,6501.107588,7.4,0.13644917,-0.242930374,4.449262854,46.046,9.89996,9.74956,15.85,13.61,5.684162642,,,,,,2.4553966,2.455448,2.474537,2.393568522,0.107059835,-0.000625301,,,,,,,,,,,,,0.342012256,,-0.963455971,-0.030550342,-0.002599181,-0.304995391,1.060941564,0.905311059,0.066060079
1981,229077,6635.731842,7.433333333,1.560805161,-0.357901881,4.476557668,47.196,10.37188,8.86924,16.6,14.39,5.623056277,,,,,,-0.47610583,-0.4765787,-0.4291963,-0.55480898,-0.095539764,-0.045805063,,,,,,,,,,,,,0.231073041,,0.121863076,-0.075580373,-0.0189688,0.362564431,0.69505941,0.373962019,1.544764043
1981.25,229580,6587.425386,7.4,0.293202447,-0.470866243,4.497193318,48.081,6.71448,7.55912,17.79,14.91,5.603291659,,,,,,1.5149078,1.514498,1.525954,1.515757635,0.140350982,0.050853711,,,,,,,,,,,,,2.026216907,,-0.543256222,0.016841408,-0.001057702,0.744717865,-0.509398715,-1.032083354,-0.40506757
1981.5,230188,6662.85294,7.4,0.944616309,-0.578565456,4.524657762,48.946,6.58572,7.36756,17.59,15.05,5.60235794,,,,,,-0.65150372,-0.6473487,-0.7218544,-0.791033918,0.306502274,0.075790922,,,,,,,,,,,,,2.091507875,,1.289057962,-0.102511592,-0.025639003,-1.005528567,0.210659117,-0.300949706,1.508960251
1981.75,230817,6585.043018,8.233333333,-0.712919867,0.122552776,4.540804749,49.863,6.132,7.10968,13.59,11.75,5.540255535,,,,,,-0.83024832,-0.8308354,-0.8630374,-0.883451894,-0.437647673,-0.11242426,,,,,,,,,,,,,-1.107877568,,-2.75696746,0.001964858,-0.007153458,-0.009248289,0.674895589,-0.544298393,-0.81560605
1982,231313,6474.951049,8.833333333,-2.872052068,0.636402354,4.549656358,50.561,5.08064,5.86016,14.21,12.81,5.524663796,,,,,,0.58638753,0.5867098,0.612453,0.609108647,0.155129861,0.072936101,,,,,,,,,,,,,1.619132222,,-0.102251671,-0.04480385,-0.017488141,0.677052894,-0.125886648,-0.013163363,-0.893695985
1982.25,231815,6510.259918,9.433333333,-3.049604476,1.166820582,4.563964617,51.17,3.84992,5.4106,14.51,12.42,5.499464073,,,,,,-0.05561013,-0.0564761,-0.0891476,-0.086472969,0.248523118,0.058389163,,,,,,,,,,,,,1.264484377,,-0.5682389,-0.009535376,-0.001934269,-1.255948101,-0.659269656,-0.809259879,-0.076308322
1982.5,232393,6486.793689,9.9,-4.110789726,1.617247012,4.581218499,51.907,6.32044,6.41004,11.01,9.32,5.477171017,,,,,,-0.40750841,-0.4078322,-0.4359074,-0.43070476,-0.451037736,-0.1217244,,,,,,,,,,,,,-2.258943545,,-0.790641219,-0.009628194,-0.004984887,1.319611936,1.496561881,0.931590621,-1.067558332
1982.75,232990,6493.150163,10.66666667,-4.798684475,2.390391933,4.584285468,52.483,4.41208,5.57228,9.28,7.91,5.434966745,,,,,,0.53300493,0.5335374,0.4530183,0.344234839,-0.206633244,0.001976585,,,,,,,,,,,,,-0.480158613,-0.01192331,2.192927011,0.15963611,0.045352191,2.604532555,0.957357424,-0.04851218,-0.354811521
1983,233469,6578.146559,10.36666667,-4.268596198,2.087954858,4.584967132,52.907,3.30468,5.25632,8.66,8.11,5.470296453,,,,,,0.32963756,0.3304234,0.3403285,0.238891424,-0.016447733,-0.048111793,,,,,,,,,,,,,-0.057999572,0.047269464,0.421876252,-0.011016834,-0.004786068,0.038315575,1.042387043,-0.090850726,-1.76668736
1983.25,233940,6728.245565,10.13333333,-2.84764063,1.810141301,4.596462578,53.265,3.66064,3.05584,8.8,8.4,5.516016914,,,,,,-0.01874941,-0.0184573,-0.0370014,0.156412163,0.293869427,0.053661736,,,,,,,,,,,,,0.396965227,0.027573794,0.192779615,0.050977953,0.019634532,1.331785289,-0.689635287,0.046515353,-0.105840878
1983.5,234503,6860.078405,9.366666667,-1.743410961,1.155851805,4.606166692,53.823,5.2568,6.07612,9.46,9.14,5.57014984,,,,,,-0.24233576,-0.2432183,-0.1983932,-0.033345055,0.143387132,0.004492057,,,,,,,,,,,,,0.236073919,-0.008880753,0.247813436,-0.034934212,-0.011191348,-0.026658709,0.655988373,0.825736212,-0.370698418
1983.75,235073,7001.420166,8.533333333,-0.593961247,0.322855577,4.616107191,54.219,2.63848,3.19972,9.43,8.8,5.594608996,,,,,,0.32599049,0.3265825,0.2766463,0.28628771,0.122816593,0.039713177,,,,,,,,,,,,,0.456338293,-0.028557156,0.40558993,-0.026392529,-0.003587428,0.537949724,-0.195243373,-0.758395323,-0.247096069
1984,235529,7140.667202,7.866666667,0.393335822,-0.191800586,4.630182767,54.796,4.32256,4.04364,9.69,9.17,5.638464069,,,,,,0.15644843,0.1555654,0.1515853,0.138007092,0.068766164,-0.002958859,,,0.003333333,0,-0.003763433,,,0.005,,,-0.024224467,,0.209455957,-0.010537669,-0.451360176,-0.064668015,-0.011284684,-0.312564465,-1.057122114,1.037995645,0.497808241
1984.25,235997,7266.047741,7.433333333,1.131702395,-0.59127167,4.639570368,55.257,3.87396,4.68124,10.55,9.8,5.664885342,,,,,,0.17324327,0.173155,0.1376575,0.150463376,0.415691362,0.102607424,,,0.01,0.013333333,0.007096767,,,0.01,,,0.004062233,,1.808412146,-0.016989996,0.359396195,-0.039809413,-0.006171961,-0.06596714,1.501631117,0.069735786,1.499122652
1984.5,236552,7337.581905,7.433333333,1.097431037,-0.478592787,4.648226923,55.705,3.08664,3.7584,11.39,10.32,5.616554946,,,,,,0.26552891,0.2640372,0.2864533,0.34254513,0.030201111,0.010696274,,,0,0,0,,,0,,,-0.012832533,,0.246030244,0.08362633,0.919481462,0.026670348,0.009252044,0.768318455,1.117520626,0.291375469,0.337869648
1984.75,237150,7395.994936,7.3,0.908472508,-0.456429503,4.656812217,56.079,2.46588,2.84236,9.26,8.8,5.584468287,,,,,,-0.6539676,-0.653407,-0.7383595,-0.643581824,-0.368920345,-0.103388856,,,-0.070215067,-0.0731183,-0.062903233,,,-0.223333333,,,0.0105306,,-1.985589096,-0.342131203,1.042412158,0.009854995,0.0024565,-0.612919015,1.922662317,-1.121517392,0.040534403
1985,237601,7469.501446,7.233333333,0.859282492,-0.427148264,4.665942702,56.724,4.7192,5.45696,8.48,8.18,5.538925465,,,,,,0.0435235,0.0424604,0.0938688,0.012122711,0.154098355,0.069167128,,,-0.156989233,-0.144623633,-0.1336559,,,-0.006666667,,,-0.0189596,,0.089303812,0.011963139,1.213935784,0.039989207,0.014507247,-0.325018745,-0.391278572,-0.358867417,1.122739299
1985.25,238081,7537.976347,7.3,0.720176476,-0.192830248,4.67500531,57.075,3.24484,3.47224,7.92,7.46,5.523270734,,,,,,-0.10394844,-0.104486,-0.1474005,-0.04069756,-0.342262186,-0.081138198,,,-0.1227957,-0.1355914,-0.143440867,,,-0.12,,,0.007634967,,-1.195379527,-0.059734845,-0.223209029,0.012776413,0.001995883,0.430510622,0.873031441,-0.997823788,-0.457099267
1985.5,238681,7655.297356,7.2,1.222460046,-0.155289665,4.681203727,57.406,3.13816,4.10704,7.9,7.11,5.460485808,,,,,,0.24662485,0.2457843,0.2540045,0.349415709,0.195155258,0.060141424,,,0.005555533,-0.0122222,-0.001666667,,,0.006666667,,,-0.0052037,,0.329103984,0.066675704,1.863172504,-0.022007244,-0.001881761,0.867555746,-0.345242047,0.281838868,1.589100109
1985.75,239299,7712.598289,7.033333333,0.956172945,-0.216220205,4.691340868,57.738,2.78884,2.86976,8.1,7.17,5.447466616,,,,,,0.05537063,0.055349,0.0780944,0.162601064,-0.124650649,-0.044965043,,,-0.0003943,0.005555567,0.005,,,-0.003333333,,,0.017267133,,-0.605022567,-0.000505288,-0.431150704,0.030326672,0.00806923,0.401908461,-0.84767986,-0.171316477,0.423675173
1986,239785,7784.039986,7.033333333,0.888276403,-0.077218505,4.696528374,58.02,2.83656,4.32396,7.83,6.9,5.420141405,,,,,,-0.10995812,-0.1095687,-0.092363,-0.123416801,0.019418459,0.076641184,,,0.0068817,0.008709667,0.010107533,,,0.01,,,0.004935567,,0.170565162,-0.002004336,1.315907506,0.07477735,0.023658197,0.949702059,0.439292245,-0.041817022,0.627714567
1986.25,240275,7819.817345,7.166666667,0.353034318,0.26025394,4.691650189,58.252,-0.42384,2.73928,6.92,6.14,5.372526349,,,,,,0.28262134,0.2821973,0.2789763,0.281421067,-0.087992853,-0.031606971,,,-0.004931867,0.011734767,0.014114667,,,-0.006666667,,,0.000479,,-0.590697416,0.030454046,0.194293584,0.043348793,0.010218801,0.415319535,-0.162081696,-2.114276084,0.470945612
1986.5,240858,7898.507361,6.966666667,0.335496758,0.194783893,4.69774743,58.487,2.10912,2.7446,6.21,5.52,5.368260878,,,,,,-0.40039002,-0.4034524,-0.3884781,-0.200234543,-0.071990723,0.028007005,,,-0.008666667,-0.009444433,-0.015,,,-0.013333333,,,-0.005854533,,-0.437724276,-0.126960766,1.235004146,-0.023825256,-0.007538076,-1.259033332,-0.731286165,-1.26055509,0.239827545
1986.75,241454,7939.401153,6.833333333,-0.082369127,0.12479546,4.704711268,58.813,2.41952,3.25156,6.27,5.35,5.420065651,,,,,,-0.06065667,-0.0602143,-0.0200735,0.193553412,0.066438652,0.036976741,,,-0.0051111,-0.009279567,-0.002555533,,,0,,,0.0155461,,-0.174807567,0.041799582,-0.802262015,0.007145473,0.000165281,-0.285682069,-0.434752922,-0.660507177,-0.457209694
1987,241931,7994.935854,6.6,-0.275240254,0.048591005,4.716707294,59.24,3.766,2.50808,6.22,5.54,5.427738889,,,,,,0.36685299,0.3670341,0.4283997,0.440608759,0.000653576,-0.001668174,,,3.33E-08,-0.001720433,-3.33E-08,,,0,,,0.008149633,,-0.207419559,0.034284787,-2.164557477,0.125211343,0.033913974,-0.681614926,-0.039175235,0.89033037,-1.69074087
1987.25,242428,8084.746047,6.266666667,-0.117414949,-0.135605101,4.727973359,59.637,3.85652,3.8782,6.65,5.66,5.495241123,,,,,,0.23837619,0.2387692,0.2585374,0.269893183,0.05583506,0.002052797,,,-0.013333367,-0.0166667,-0.036666633,,,-0.013333333,,,0.010434933,,-0.067463201,0.044313763,0.702022396,-0.031830076,-0.005813599,0.736364633,-0.693542736,-0.348483929,0.044101515
1987.5,243013,8157.982354,6,-0.146919954,-0.329598861,4.738529706,60.07,3.78856,3.57856,6.84,6.04,5.537703973,,,,,,-0.20870671,-0.2116506,-0.1605985,0.013639376,0.124072191,0.029264693,,,0.0431111,0.061333333,0.059,,,0.053333333,,,-0.002146867,,0.755782653,-0.067785082,0.867592293,0.062793568,0.018705588,0.73215996,0.366835815,0.495144067,-0.736779181
1987.75,243631,8292.799709,5.833333333,0.686108707,-0.435111523,4.747824146,60.567,3.45668,4.06696,6.92,5.86,5.54108506,,,,,,-0.26547176,-0.2649809,-0.1958912,-0.143398839,-0.202649855,-0.082344914,,,0.011835133,0.0785591,0.1106774,,,0.003333333,,,0.0075222,,-1.531817223,-0.038399719,-1.134098982,-0.258413643,-0.075605467,-2.17864617,0.704206704,-0.279879837,0.219300985
1988,244130,8339.367331,5.7,0.357980111,-0.453658333,4.755598103,61.043,3.15676,3.85972,6.67,5.72,5.558222413,,,,,,-0.20625113,-0.2071779,-0.0883626,-0.087759782,-0.191618675,-0.03419464,,,-0.0051613,0.000322567,0.0072043,,,-0.01,,,-0.004686033,,-0.713834159,-0.00136361,0.739884394,0.07067699,0.025166273,1.630826956,-0.176213754,0.403839187,0.372529737
1988.25,244620,8449.531907,5.466666667,0.84755992,-0.586482598,4.767001612,61.633,4.41936,4.85188,7.15,6.21,5.599872035,,,,,,0.49598352,0.4957365,0.5805244,0.446854505,0.145885437,0.064217448,,,0.021215067,0.0261183,0.019784933,,,0.026666667,,,-0.004842233,,0.400986965,0.07672394,-0.570814672,-0.010712801,-0.002528281,-2.158255772,-0.104132345,0.160637041,0.220990856
1988.5,245242,8498.372328,5.466666667,0.645187456,-0.534544083,4.779117608,62.359,4.92696,4.6042,7.98,7.01,5.630390987,,,,,,-0.24878885,-0.2482354,-0.2102174,-0.2157582,0.150225277,0.053168796,,,0.054555567,0.072555533,0.0588889,,,0.05,,,0.0078487,,0.704168818,-0.013876609,0.050191353,-0.013045409,-0.003577047,1.478318669,0.268222082,0.256906265,0.023033462
1988.75,245878,8610.859225,5.333333333,1.212348231,-0.698436004,4.789984938,62.859,4.04672,4.47248,8.47,7.73,5.620803103,,,,,,0.43647347,0.4349482,0.4447969,0.502637071,0.254345283,0.053468774,0.04013115,,0.007240133,0.0150896,0.0099283,,,0.02,,,0.012322967,,0.851451118,0.111361132,-0.114162377,0.024122499,0.008949465,-0.80343763,0.781684379,-0.935040203,0.272476083
1989,246377,8697.718332,5.2,1.49785155,-0.778417488,4.801279363,63.55,4.59496,4.36416,9.45,8.54,5.654528669,,,,,,0.35826997,0.359073,0.3247353,0.343424727,0.168113085,0.062131111,0.0460412,,0.020215033,0.028709667,0.033870967,,,0.006666667,,,-0.030934967,,0.86515569,0.049996606,-0.960380636,0.033308361,0.006348133,-0.537992098,0.584624673,1.08176673,0.104115543
1989.25,246914,8766.022396,5.233333333,1.562580089,-0.774311137,4.817314668,64.207,5.3902,3.63564,9.73,8.41,5.645186655,,,,,,0.15339881,0.1532258,0.1436368,0.144772838,-0.186616277,-0.024054078,-0.0319275,,-0.023010733,-0.022688167,-0.020465933,,,-0.023333333,,,-0.0029011,,-0.83695677,0.011357783,-0.18717216,0.05371137,0.009784697,0.010798734,-0.250705195,1.594889994,0.118368774
1989.5,247577,8831.642751,5.233333333,1.634230514,-0.785453044,4.825107963,64.672,2.35672,2.98104,9.08,7.84,5.624541882,,,,,,-0.06433405,-0.0658207,-0.0522432,-0.068152702,0.020121025,0.009530307,-0.0126378,,-0.023333333,-0.023333333,-0.025555533,,,-0.02,,,-0.014053233,,0.353913444,-0.035686934,0.723137968,0.056731164,0.014728364,-0.202015106,-0.038924711,-1.476591335,0.694218133
1989.75,248276,8850.158165,5.366666667,1.19156978,-0.610695355,4.835218866,65.122,3.14792,3.65896,8.61,7.65,5.592468819,,,,,,-0.04538395,-0.0476305,0.0367206,0.060007257,-0.124398588,-0.047138404,-0.120678067,,-0.0172043,-0.015913967,-0.009247333,,,-0.023333333,,,0.002288933,,-0.769371285,-0.016530844,-1.01289398,-0.022067249,-0.010164086,0.756885304,-0.298112156,-0.072869008,-0.325574262
1990,248833,8947.008703,5.3,1.662725359,-0.748399312,4.85228448,65.841,5.7996,4.60948,8.25,7.76,5.571266255,-0.0133,0,,,,0.21912675,0.2170083,0.2577399,0.164037098,0.207470319,0.041964434,-0.039211933,-0.007526867,-0.000322567,-0.0016129,-0.002043033,-0.005,-0.02,0,-0.002458333,-0.011087867,-0.008562767,,0.321384629,0.028351443,0.724119819,-0.055731621,-0.013541945,0.307888652,-2.074342022,1.022022904,0.466474862
1990.25,249573,8981.809982,5.333333333,1.429152715,-0.796544469,4.86212971,66.52,3.62856,4.46764,8.24,7.75,5.619074663,0,0,,,,0.04396574,0.0434029,0.0448875,0.035841496,-0.008246751,-0.02029349,0,-0.005806467,-0.0124731,-0.012473133,-0.015376333,0,0,-0.006666667,0.001319433,0.0073713,-0.0082155,,-0.018567427,0.002405252,0.876928825,0.02496906,0.009258427,0.439657892,0.548019567,1.058483731,0.688162397
1990.5,250441,8983.967578,5.7,0.914749714,-0.452642631,4.879240964,67.114,5.08436,4.0422,8.16,7.48,5.612947789,-0.0333,0,,,,0.0840415,0.082463,0.07195,0.145853713,-0.041045186,-0.030202249,-0.045923333,-0.033333333,-0.01,-0.006666667,-0.01,-0.026663333,-0.033333333,-0.01,0.004343733,0.0113636,0.013355333,,-0.374297798,0.015986134,-0.586486183,-0.061713975,-0.021883119,-1.158011661,-1.133206366,0.753547221,-0.35085819
1990.75,251343,8907.308272,6.133333333,-0.57163875,-0.113707764,4.896093947,67.622,5.29064,3.35684,7.74,6.99,5.572665777,-0.07,0,,,,-0.29553415,-0.2959641,-0.1521085,-0.160042268,0.100958684,0.1080401,-0.056674833,-0.0399967,-0.020107533,-0.017419367,-0.0083871,-0.053333333,-0.069996667,-0.043333333,-0.0140458,0.002522933,-0.007043,,0.510545177,0.009516144,-0.858770695,-0.030803813,-0.014434818,-0.761614519,-1.619549876,-0.029303307,-1.593418529
1991,252132,8865.672953,6.6,-1.609783936,0.323529069,4.903544827,68.296,2.10352,3.55084,6.43,6.02,5.545991742,-0.1233,0,,,,-0.02418447,-0.0246575,0.0402715,-0.07269684,-0.095850869,-0.050838391,-0.122218567,-0.144731167,-0.111075233,-0.086559167,-0.0601075,-0.063333333,-0.123333333,-0.096666667,-0.003380033,0.0050167,-0.001881933,-0.033281767,0.053260944,-0.006674918,-0.621355141,0.123674281,0.03461517,0.973812956,0.871425803,-1.158228313,-1.114711239
1991.25,252921,8934.326101,6.833333333,-1.405727079,0.462407872,4.909459835,68.764,2.18292,3.08164,5.86,5.56,5.52725597,-0.07,0,,,,0.26233321,0.2621248,0.2334903,0.308570205,-0.136386729,-0.088697374,-0.061159967,-0.078602133,-0.078817233,-0.069354833,-0.0715054,0.003333333,-0.07,-0.07,0.0124409,-0.000523067,0.006482667,-0.020778467,-0.613430626,0.02894727,0.289863015,-0.002562105,0.001425553,0.350326579,0.575645851,0.921926715,0.610269452
1991.5,253809,8977.175937,6.866666667,-1.482839434,0.506066443,4.917054089,69.269,2.71692,3.6038,5.65,5.38,5.495376229,-0.0233,-0.007,,,,0.06374891,0.0632367,0.0716177,0.196921717,-0.132852743,-0.005019315,-0.0312547,-0.023333333,-0.030000033,-0.016,-0.02,-0.046666667,-0.023333333,-0.03,0.017298367,0.018294033,0.0190904,0.0480148,-0.501050629,0.033939688,-1.112293767,-0.013197878,-0.004564378,0.177895935,-0.223833844,-0.286122044,-0.063315706
1991.75,254706,9016.412274,7.1,-1.728767829,0.657353575,4.925314995,69.643,2.90368,3.1488,4.82,4.54,5.490116102,-0.1367,-0.0463,,,,-0.04273797,-0.0422805,0.0067029,0.138958855,-0.181889269,-0.004503416,-0.094050467,-0.0868817,-0.075913967,-0.0571183,-0.043010733,-0.073333333,-0.136666667,-0.133333333,0.007308567,0.008333467,0.0046255,-0.0285941,-0.691191888,-0.050778829,-1.024827477,0.000616494,-0.002167798,-1.306094696,-1.044458857,0.171340898,-1.031124689
1992,255455,9122.987618,7.366666667,-1.148589048,0.91880177,4.932070141,69.942,2.5058,3.05588,4.02,3.89,5.47452949,0,-0.0013,,,,-0.13034497,-0.1301135,-0.0160252,-0.117093477,0.080823735,0.000303198,-0.061924833,-0.049784933,-0.060752667,-0.053548367,-0.036989267,0.003333333,0,-0.003333333,0.0013008,0.001873067,0.003298467,0.007702033,0.312316492,0.03729939,2.064146407,0.010258698,0.012874155,0.772143027,-0.501574421,0.26925243,1.583875471
1992.25,256289,9223.589248,7.6,-0.697959792,1.092532684,4.939733739,70.388,2.66248,2.82552,3.77,3.68,5.503882779,-0.0633,-0.0207,,,,0.14817133,0.1483289,0.1536554,0.16071476,-0.166053505,-0.046738966,-0.067979967,-0.063336733,-0.076666667,-0.07,-0.0766667,-0.046666667,-0.063336667,-0.076666667,0.001838267,0.008425733,0.0096322,-0.046121867,-0.467816706,-0.000375381,-0.349924686,-0.042512387,-0.011920161,-0.637810625,0.544959434,0.212569897,0.126377327
1992.5,257225,9313.09475,7.633333333,-0.362009452,1.080093721,4.94733893,70.723,2.54936,2.37108,3.26,3.08,5.505134811,-0.0933,0.008,,,,-0.09037669,-0.0905087,-0.0479476,0.035110294,-0.136837052,-0.011908147,-0.019896667,-0.093666667,0.0003333,0.007,0.010666633,-0.023333333,-0.093333333,0,-0.023741167,-0.078228567,0.0133263,-0.090461667,-0.785859617,-0.041621907,0.943285139,0.025740696,0.006899487,0.24834191,-0.042899688,-0.091265872,-0.030581461
1992.75,258140,9406.609458,7.366666667,0.007674218,0.882349453,4.956060229,71.201,2.79028,2.93064,3.03,3.07,5.47696786,0,0.0007,,,,-0.44124412,-0.4403396,-0.2830335,-0.349553384,0.000412401,0.000254724,-0.0129153,0.002698967,0.0020323,0.002032267,-0.0012043,-0.003336667,0,0,-0.008530433,0.028232867,0.007778833,0.037792967,0.236530787,-0.016904583,0.119447408,-0.009123877,-0.002546856,0.253530288,-0.349215222,0.174203032,0.5511551
1993,258917,9424.070609,7.133333333,-0.514548756,0.599489393,4.96330969,71.606,2.38212,2.7556,3.04,2.96,5.474355237,-0.0067,0.0013,,,,0.03154362,0.0320153,0.0629891,0.029638072,-0.119694996,-0.035072445,0.009161933,-0.009032267,-0.0023656,0.000967733,-0.0060215,-0.003333333,-0.006666667,0,-0.014069133,7.73E-06,-0.000340567,-0.002127867,-0.382690043,-0.021281405,-1.475252033,0.055597626,0.009362661,0.176946634,0.176871853,-0.691410745,-1.432295605
1993.25,259686,9480.157133,7.066666667,-0.645510724,0.631151587,4.970506379,72.041,2.68816,3.0364,3,2.97,5.460231765,-0.0067,-0.005,,,,0.33470071,0.3347189,0.324682,0.357529469,0.019744244,0.018536472,-0.00861,-0.006666667,-0.006666667,-0.006666667,-0.0001075,-0.003333333,-0.006666667,-0.006666667,-0.002528233,-0.002975767,-0.002495167,0.004786067,0.256468544,0.042776616,-1.451558537,-0.014765069,-0.00412231,-1.97242425,-0.126557566,-0.22680285,-0.970054648
1993.5,260563,9526.31942,6.8,-0.903713822,0.376599396,4.975122243,72.475,1.73556,2.23724,3.06,3,5.462333087,0.0067,0.0033,,,,0.21247298,0.2124604,0.2725431,0.260184472,-0.114246996,-0.016808682,0.008986633,0.004333333,0.003333333,-0.001,0.004666633,0.006666667,0.006666667,0.003333333,0.003575767,0.0157671,0.0045852,0.032557567,-0.053661887,-0.00547804,0.129214762,0.010438889,-0.000299208,-0.232693463,0.739419309,-1.03402585,-0.767638775
1993.75,261421,9653.411665,6.633333333,-0.30991752,0.234701717,4.983376355,72.853,2.30536,2.05924,2.99,3.06,5.487001582,-0.0033,-0.004,,,,-0.25043579,-0.24988,-0.1834657,-0.191399963,-0.081622725,-0.033258755,0.007693367,0.001258067,0,-0.002333333,-0.013268767,0.003333333,-0.003333333,0,-0.017331667,-0.020665567,-0.020378867,-0.008658033,-0.29860094,-0.057366017,-0.214409193,-0.00717328,0.003352182,-0.397821983,-0.65970786,-0.325690457,0.066384944
1994,262131,9748.244679,6.566666667,-0.123809517,0.304092068,4.988387207,73.206,1.43212,1.8118,3.21,3.24,5.525048046,0,0.0027,,,,0.53727095,0.5374958,0.5886676,0.5202316,0.091623933,0.025695508,0.054442267,-0.002258067,0.044623667,0.041290333,0.029892467,0.046666667,0,0.033333333,0.038274067,0.007851233,0.0236068,-0.015418267,0.708188835,0.06869296,-0.433712053,-0.005867727,-0.00658717,0.604977888,1.022279605,-1.108596151,-0.930816372
1994.25,262887,9881.339115,6.2,0.42110493,-0.01674272,4.994052251,73.571,2.23424,2.69348,3.94,3.99,5.54306912,0.0567,-0.0153,,,,0.28719449,0.2875828,0.3189584,0.36233842,0.101439804,0.037004727,0.086907733,0.056666633,-0.007956967,-0.004623633,-0.004623633,0.03667,0.056666667,0.003333333,0.0069422,0.0126305,-0.027230833,0.063898033,1.075226592,0.092360788,-1.31851157,-0.04488647,-0.013557167,-2.018213647,-0.34672524,-1.13043542,-0.780972626
1994.5,263726,9939.704471,6,0.182042757,-0.129505873,5.00327178,73.969,2.87048,2.23444,4.49,4.48,5.575586769,-0.01,-0.0027,,,,0.52816472,0.5284312,0.5814388,0.714354218,0.119786946,0.029914224,0.0207967,-0.0013333,0.0091111,0.0062222,0.003333333,0,-0.01,0.003333333,-0.004667467,0.005155133,0.004957267,-0.0074112,0.710818509,0.055151636,-0.575720731,0.026844986,0.004922796,-0.984100324,-0.069868374,-0.414140687,-0.913267637
1994.75,264555,10052.57072,5.633333333,0.478831729,-0.435890154,5.009076694,74.376,1.87924,2.02912,5.17,5.28,5.618419154,0.01,-0.002,,,,0.30080592,0.3019767,0.3894201,0.418633791,0.244679774,0.060026954,-0.015091667,0.011548367,0.008845867,0.008401433,0.012580667,-0.006666667,0.01,0.016666667,-0.0211606,-0.004340767,-0.0026158,0.011468167,1.287145022,0.107332125,-0.236467891,-0.029863609,-0.004135685,0.112214052,0.368473445,0.386574216,0.937165756
1995,265270,10086.89491,5.466666667,-0.029231263,-0.437507384,5.016394638,74.803,1.95504,2.09672,5.8,5.74,5.658137445,0.0067,0.016,0.0238735,-0.0319522,0.219239592,0.74217244,0.742304,0.7535121,0.717240033,-0.141713179,-0.022535979,-0.025748467,-0.009354833,0.019569867,0.022903233,0.0249462,0.023336667,0.006666667,0.023333333,0.027814733,0.015989567,0.026181867,-0.001598,-0.074132973,0.089363614,-1.351391635,0.04018328,0.007577201,-0.768294314,0.830001584,-0.895430166,-0.686003631
1995.25,266008,10122.05186,5.666666667,-0.613411575,-0.135696954,5.024536902,75.132,2.32716,2.3758,6.02,5.6,5.66943341,0,0.0007,-0.052524267,0.050220763,-0.138414217,0.20918393,0.2095426,0.2281154,0.157238114,-0.126474076,-0.025448482,-0.002899897,0.005806433,0.0024731,0.0024731,0.005806433,0,0,-0.003333333,0.0118858,0.0122964,0.010723467,0.005680533,-0.53583923,0.011649523,-0.332544862,0.075553782,0.019233231,-0.446304079,0.165749794,-0.250636473,-0.748117567
1995.5,266851,10208.77214,5.666666667,-0.668194695,-0.031524809,5.029565178,75.489,1.63484,1.90876,5.8,5.37,5.678942848,-0.04,-0.0253,0.021266767,-0.039099563,-0.148471127,-0.0717443,-0.0714447,0.0352156,0.032117803,-0.06969596,-0.020293337,-0.0240561,-0.048333333,-0.066666667,-0.062222233,-0.063888867,-0.026666667,-0.04,-0.05,-0.002181667,-0.0151766,-0.019191567,-0.027427233,-0.212808269,-0.036955267,-0.263968644,0.026640153,0.006582883,-0.868493009,-0.073181631,-0.487355207,0.650327144
1995.75,267705,10281.30396,5.566666667,-0.912633849,-0.025972089,5.035002086,75.861,1.75784,2.00484,5.72,5.26,5.681468561,-0.0167,0.0027,-0.063405767,-0.00241752,0.091069033,-0.11845569,-0.1181902,-0.013886,-0.164964502,0.032221342,0.018202334,0.009028167,0.0013441,0.022473167,0.024695333,0.018297467,-0.005,-0.016666667,0,0.0134627,0.000365067,0.005907633,-0.003204733,-0.15509639,-0.063939212,-0.119461901,0.030965256,0.008334398,0.094938046,0.625259679,0.463070684,0.257504298
1996,268370,10348.62073,5.533333333,-1.106044426,-0.020000227,5.043852869,76.272,2.22412,1.57104,5.37,4.93,5.656419072,-0.0033,-0.004,0.027068267,-0.05437105,0.004364387,0.12977887,0.1295553,0.1398095,0.121883922,0.023867115,-0.025674731,-0.026856867,-0.015699533,-0.011828,-0.0145161,-0.020430067,0,-0.003336667,-0.003333333,0.0075707,-0.001051267,0.0032517,0.000757533,-0.093525186,-0.042164514,1.021986565,0.027630104,0.009177636,-0.489676789,-0.601189399,0.096104269,0.202347721
1996.25,269116,10529.37489,5.5,-0.408449718,0.085445575,5.052415602,76.562,2.67768,1.90048,5.24,5.02,5.717111851,0,0.004,-0.006178267,0.0050758,0.025744163,-0.02691964,-0.0268014,0.0037818,-0.019197248,0.046430918,-0.001214326,0.002684827,0.002685467,0.009354833,0.008709667,0.009354833,0,0,0.006666667,-0.002185167,-0.003472967,0.001906133,0.006087167,0.055570719,-0.016752467,0.095116805,-0.009790094,-0.000815541,-0.913087965,-0.006017757,1.048282456,1.005336251
1996.5,269976,10626.74204,5.266666667,-0.486721856,-0.010567385,5.05815306,76.778,1.70524,1.82644,5.31,5.1,5.740109577,-0.0533,-0.0097,0.033245233,-0.1528371,0.244983595,-0.14774214,-0.1483107,-0.0270068,0.015594675,0.023478459,-0.008356191,-0.04272,-0.0201111,-0.013666633,-0.0021111,-0.0062222,-0.03333,-0.053333333,-0.036666667,-0.031050267,-0.0450943,-0.0410038,-0.0316852,0.081751203,-0.044341833,-1.068278262,-0.014352788,-0.004188034,0.116308395,-0.020993943,-0.47946678,-0.188623276
1996.75,270861,10739.03691,5.333333333,-0.437308134,0.09097479,5.066802873,77.168,2.72476,2.27836,5.28,4.98,5.668565396,-0.0067,-0.0063,0.096616233,-0.0993582,0.028333446,0.0184763,0.0202375,0.0862866,0.031971389,-0.123172005,-0.04462814,-0.034764467,-0.038168467,-0.0263333,-0.024555567,-0.032057367,-0.001666667,-0.006666667,-0.003333333,0.009226867,0.000453933,0.0038989,0.008691533,-0.16821368,-0.017569887,-0.334290424,0.088180915,0.02550637,-0.558055351,0.029807513,0.95175698,-0.499414335
1997,271589,10820.89456,5.233333333,-0.787060304,0.089092598,5.072878952,77.647,1.7658,1.5712,5.28,5.06,5.688050999,0.0133,0.026,0.021640233,-0.034121133,0.118386602,,0.0510779,0.1277924,0.157284464,0.04811738,-0.010402411,-0.007258067,0.0012903,0.008225833,0.012311867,0.013172033,-0.006666667,0.013333333,0.025,-0.003720867,0.018306633,0.0276421,0.0224978,0.085133701,0.007101287,-0.718903613,0.038534861,0.007032581,-0.44661934,1.168842463,0.706615634,-1.078624474
1997.25,272349,10984.1119,5,-0.138592812,-0.017250321,5.075173425,77.857,1.0028,2.08676,5.52,5.05,5.679849896,-0.03,-0.0043,0.011460033,-0.095677467,0.088751617,,0.0685378,0.103655,0.023278443,-0.052070021,-0.013510119,-0.022560767,-0.0196775,-0.0065592,0.001021533,0.000107533,-0.011666667,-0.03,-0.023333333,-0.0006915,-0.0175971,-0.017591833,-0.008210567,-0.196180351,-0.02473684,0.236907115,0.014879597,0.006410475,0.776003221,0.020316928,0.207746182,0.641931255
1997.5,273234,11124.08012,4.866666667,0.101478034,-0.029146008,5.080159294,78.135,1.05576,0.9328,5.53,5.05,5.680953383,-0.0033,0.0033,-0.0724794,0.072408733,0.002739642,,-0.2541231,-0.1427021,0.11707586,-0.108509051,-0.066960025,-0.007129973,-0.003333333,0.003277833,0.004944433,0.005055567,-0.013333333,-0.003333333,0.001666667,-0.0013426,0.006498133,0.0079278,0.008538633,-0.69318951,-0.064942108,0.166532438,0.088146619,0.028674623,0.656203953,0.537149658,0.137861767,0.885805873
1997.75,274117,11210.28127,4.666666667,-0.045961925,-0.147675725,5.085536305,78.395,1.25464,1.26604,5.51,5.09,5.668355171,-0.0033,-0.009,-0.005883833,-0.000354253,-0.000473197,,-0.133993,-0.0718923,-0.024502244,0.043664133,0.022608905,-0.013886667,-0.001720433,-0.0124714,-0.013331533,-0.011776,-0.00833,-0.003333333,-0.011666667,-0.002412567,-0.0010004,-0.012560033,0.004540233,-0.131593935,-0.006891419,0.092525531,-0.027101051,-0.010821193,0.311099794,0.582611838,0.154041777,-0.358268388
1998,274837,11321.14158,4.633333333,-0.05009379,-0.173902516,5.087596335,78.523,0.03024,1.17804,5.52,5.05,5.58849534,0,0.0037,-0.0061391,-0.049390913,0.016175513,,-0.1241339,-0.0518049,0.203640538,0.020719198,0.004981808,-0.000107533,-0.0016129,0.004193533,0.005107567,0.006720433,-0.005,0,0.005,-6.34E-05,0.006413633,0.010783467,0.003517433,0.259884895,-0.002099496,-0.573280918,0.065217026,0.018797865,0.539285639,0.996641127,0.136221499,0.109934075
1998.25,275568,11430.98606,4.4,-0.119717137,-0.30879713,5.090881931,78.687,0.72228,1.22588,5.5,4.98,5.609616203,-0.0033,-0.0027,-0.005794467,0.01223747,-0.025931117,,-0.1320815,-0.0645189,-0.016699444,0.048530415,0.013881229,-0.011839133,-0.0033333,-0.005000033,-0.0033871,-0.005,-0.003333333,-0.003333333,-0.005,0.004351733,0.007647933,0.000107567,0.003484733,-0.074994296,-0.013841271,0.800079494,0.051419102,0.014558195,-0.207071065,0.585845409,0.092287563,-0.118066164
1998.5,276416,11580.63332,4.533333333,0.144948783,-0.153221624,5.095996872,78.981,1.23772,1.42156,5.53,4.82,5.563789153,0.03,-0.0007,-0.078764667,0.01135545,0.0385522,,-0.1496708,-0.04442,-0.093071475,-0.092525493,-0.018979823,0.0033678,0.008218833,-0.001555533,0.001888867,0.000333333,0.001666667,0.029996667,0,0.014316367,0.035810333,0.004221933,0.018054533,-0.678156152,-0.026228952,1.224848377,-0.068004444,-0.017893076,0.522374265,0.015880482,0.011685706,0.559996482
1998.75,277269,11770.71237,4.433333333,0.782485652,-0.207845058,5.100678322,79.228,1.05332,1.27044,4.86,4.25,5.493445025,-0.0833,-0.0527,0.006666833,-0.164571207,0.169321247,,-0.4011616,-0.3070178,-0.137904754,-0.060173925,-0.029379312,-0.0882511,-0.061555467,-0.095648767,-0.087426567,-0.090333333,-0.051666667,-0.083333333,-0.098333333,-0.0005275,0.0073187,-0.0070168,-0.085621667,-0.207563708,-0.029125249,0.230135817,0.052095354,0.014308975,-1.444861363,0.094498164,-0.06394554,0.374944799
1999,277993,11864.6388,4.3,0.777329143,-0.27324073,5.104327964,79.624,1.04704,1.2986,4.73,4.41,5.446780177,-0.0067,0.006,0.02787,-0.0535569,0.055764637,,-0.3629233,-0.2594593,-0.188000445,0.053201163,-0.006528767,0.0016516,-0.0004301,0.003333333,0.001666667,0.000913967,0.001666667,-0.006666667,-0.003333333,0.0033573,-0.002390167,-0.005188,-0.011715167,0.011363448,-0.021148358,0.446284078,0.079470389,0.025488054,1.42416961,0.593149208,-0.05668949,0.344374488
1999.25,278723,11962.54897,4.266666667,0.617682727,-0.249852032,5.111786925,79.891,2.1872,1.291,4.75,4.45,5.430725636,-0.01,0.0103,-0.064289367,-0.015500133,0.15036957,,0.0633363,0.1483469,0.144408265,0.049473907,0.018596322,-0.007428233,0.006318967,0.031148733,0.039370967,0.042752733,-0.003333333,-0.01,0.008333333,0.004914833,-0.007726667,0.006879733,-0.0013771,0.406238898,0.025704264,-0.11265872,0.016089965,-0.001533886,-0.352631992,1.189007531,0.480057769,-1.364066475
1999.5,279600,12113.12048,4.233333333,1.01687868,-0.337951583,5.119187006,80.18,2.12276,1.38108,5.1,4.65,5.441786113,0.005,-0.0063,-0.0606883,0.0387929,-0.00975612,,0.2652121,0.2560746,0.112945588,0.088375003,0.030181201,0.001999933,-0.017555533,-0.030611133,-0.035499967,-0.047000033,0.005,0.005,0,0.0067199,-0.0003581,-0.0029108,-0.0023972,0.339250068,0.060314263,1.122373931,0.003149862,0.000284072,-0.076310997,-0.772952187,-0.75090385,-0.600781359
1999.75,280463,12323.364,4.066666667,1.826304471,-0.437655843,5.126538575,80.547,2.36072,1.8038,5.3,5.04,5.437500616,0.0317,0.05,0.0314017,-0.131931073,0.390235126,,-0.2993343,-0.1577558,0.289615953,0.026431663,-0.052849599,0.012927833,0.0327453,0.056989267,0.0624731,0.0592473,0.001666667,0.03167,0.066666667,-0.0070953,0.0116801,0.037878333,0.0425895,0.393927647,0.002328647,1.289151678,-0.006651683,0.002052433,1.019265865,0.78478432,-0.325511335,1.140411597
2000,281192,12359.07988,4.033333333,1.339181299,-0.548870054,5.136378094,81.163,3.33584,2.19456,5.68,5.52,5.417268783,-0.0017,0.0147,-0.0699786,0.020458253,0.109974,,-0.0402271,0.0232468,-0.025477348,0.125932615,0.065116453,-0.0218545,-0.000590233,0.009086033,0.009784933,0.019677467,-0.023333333,-0.001663333,-0.001666667,-0.022112567,-0.002568333,-0.003567,-0.0091201,0.817293169,0.051568357,-0.7016364,0.001029254,-0.000134914,1.588674172,-1.757722208,0.74820226,-1.391494856
2000.25,281885,12592.40655,3.933333333,2.333615702,-0.67122592,5.144189215,81.623,1.79496,1.27136,6.27,5.71,5.439977948,0.0183,-0.002,-0.0216996,-0.033057296,0.067413767,,0.3748848,0.3643079,0.358794836,0.03379315,0.014950447,0.002943267,0.020684633,0.014924667,0.018408633,0.0149086,0.006666667,0.01833,0.01,0.0115862,0.0078218,0.002466233,0.014263867,0.224358415,0.067220132,1.552354306,-0.003413244,0.001193856,0.681798799,1.332385262,-1.260781529,2.023389143
2000.5,282657,12607.60541,4,1.674559593,-0.604012104,5.153288591,82.152,2.47436,1.81,6.52,6.02,5.389797066,0.0017,0.0027,-0.010355933,1.75E-02,-0.073988997,,-0.0770716,-0.0592025,0.093925361,0.128757778,0.042092684,-0.0132366,-0.0028363,-0.001,0.001,-0.0005,-0.001666667,0.001666667,0.005,0.005332967,0.005659067,0.006810433,0.0051202,0.675454051,-0.011253609,0.221794338,0.014752773,1.19E-05,-0.063168672,1.14842116,-0.080265521,-0.721821821
2000.75,283450,12679.40382,3.9,1.528760378,-0.746097752,5.160394043,82.593,2.21104,1.92044,6.47,6.02,5.412280934,0.0067,0.01,-0.033805933,-0.031512637,0.067608133,,0.0808083,0.1229384,-0.139071075,-0.014212274,0.022763905,0.005697333,0.0076344,0.021129067,0.022096733,0.021666667,0.006666667,0.006666667,0.025,0.0404036,0.006784233,0.0333216,0.037741167,0.101422038,0.027413579,1.047582539,-0.084087387,-0.0245241,0.611118453,0.567785323,-0.678088614,0.494357956
2001,284136,12643.30061,4.233333333,0.499258634,-0.495974502,5.169914897,83.112,2.7076,2.30796,5.6,4.82,5.418251185,-0.065,0.019,-0.003201867,-0.164074088,0.058671917,,-0.4823846,-0.4464054,-1.012002956,-0.183248293,-0.078211135,-0.097755733,-0.050641833,-0.056182767,-0.0537097,-0.0566129,-0.108333333,-0.064996667,-0.073333333,-0.0786711,-0.053075433,-0.0440569,-0.0446659,-0.903209113,-0.105030586,-0.094792244,-0.042784996,-0.014002459,-1.419938323,0.11343235,0.786714448,-1.249623797
2001.25,284818,12710.30717,4.4,0.357155309,-0.351667682,5.176898031,83.699,1.8752,1.51568,4.33,3.66,5.435785046,-0.145,-0.0133,0.081178567,-0.180115667,0.101642733,,-0.6085982,-0.5562474,-0.69051136,-0.064027314,0.001630261,-0.1590616,-0.181989267,-0.1620573,-0.1783871,-0.165720467,-0.07,-0.145,-0.13,0.010107833,0.001267,-0.001843733,-0.126448267,-0.204241277,-0.065626659,0.927142422,-0.024126934,-0.004890664,1.147200188,-1.339862278,-0.263170064,0.684878433
2001.5,285574,12670.14397,4.833333333,-0.768936961,-0.010892634,5.179719777,83.973,0.23728,1.0732,3.5,3.17,5.4491385,-0.0217,0.013,0.030429067,-0.112847367,0.149466767,,-0.1625399,-0.1289616,-0.047986841,0.000394033,0.022649731,0.035496633,0.015000033,0.005444367,0.003333367,0.002333333,0.001666667,-0.006666667,-0.013333333,0.011161333,-0.000355567,0.0005901,-0.008004867,-0.60655052,0.002409084,-0.575752928,-0.06992805,-0.023832614,-0.249165379,-0.33121405,-1.113142216,-0.432989382
2001.75,286336,12705.30827,5.5,-1.19677561,0.62885509,5.178970503,84.227,0.24548,2.02572,2.13,1.91,5.357905327,-0.07,-0.024,-0.114725,-0.021868633,0.0345695,,-0.572334,-0.3825281,-0.665883807,-0.125987372,-0.093427481,-0.0642233,-0.0667742,-0.0891398,-0.105376433,-0.100376367,-0.053333333,-0.07,-0.096666667,-0.001309,-0.013612067,-0.031579733,0.002087167,-0.291584262,-0.024889293,1.401084253,0.000829306,0.001405164,1.235948521,0.034106236,-0.560974122,0.18423936
2002,286991,12822.23038,5.7,-1.019487534,0.770086747,5.182156296,84.497,0.74936,1.16484,1.73,1.72,5.372427365,-0.0083,-0.0207,0.020883167,-0.033228867,0.1750628,,-0.7321722,-0.5211734,-0.099140778,0.096018207,0.031685476,0.003887967,-0.0028494,-0.011344033,-0.013440833,-0.012473067,-0.005,-0.008333333,-0.018333333,-0.016624433,-0.022249167,-0.024752833,-0.020142067,0.291652733,0.020117966,0.986519591,-0.017502945,0.002268469,0.211956961,-0.421790055,0.07899678,1.241498693
2002.25,287628,12892.98684,5.833333333,-1.105778648,0.814920561,5.189989248,84.812,3.04676,2.29076,1.75,1.72,5.395066096,-0.01,-0.0035,0.0330228,-0.055680767,0.048112167,,0.1427961,0.2081397,-0.137076962,-0.053181417,0.016586157,-0.0028513,-0.0159319,-0.027016167,-0.032571633,-0.035206167,0.005,-0.01,-0.008333333,0.0152951,0.008396167,-0.002906533,0.008468933,-0.327304116,-0.007838798,-1.077029705,-0.070331998,-0.02319012,-0.683765042,0.335688087,0.706777594,-1.121604865
2002.5,288361,12955.86336,5.733333333,-1.351711358,0.66499345,5.195359692,85.19,1.9574,2.0014,1.74,1.64,5.455371243,-0.015,-0.022,-0.052734367,0.020451233,0.2520668,,0.0176639,0.1041661,0.119838438,0.082194887,0.073280168,0.015908867,-0.016499967,-0.023277767,-0.053500033,-0.065944433,0.013333333,-0.015,-0.03,0.013201733,-0.0137935,-0.027443,-0.022285967,0.089848651,0.031350592,0.243729262,-0.156541437,-0.045072492,-0.782100267,-1.179084925,-0.727840129,-0.024885053
2002.75,289096,12964.00509,5.866666667,-1.887708582,0.821433006,5.201254743,85.651,1.84752,1.4018,1.44,1.33,5.478685157,-0.025,-0.0197,-0.168142833,0.0713185,0.396214767,,-0.3608495,-0.2800267,-0.641210509,-0.157742201,-0.084838223,-0.061555533,-0.0272455,-0.022340533,-0.027530433,-0.028204267,-0.053333333,-0.025,-0.018333333,-0.0383982,-0.0032799,-0.0040339,-0.006362867,-0.498286386,-0.055073832,-0.95122022,0.039574496,0.013451304,-1.04469982,0.649109838,-0.132407879,-0.832951254
2003,289714,13031.13287,5.866666667,-2.027370821,0.784951201,5.211483193,86.179,2.8216,0.96292,1.25,1.16,5.518453611,0.0033,0.0086,0.069371,-0.0835,0.0423803,,-0.0525948,0.0202895,0.13359494,-0.2756458,-0.111902311,0.006920633,0.007956967,0.0141936,0.0224193,0.019946267,0.00333,0.003333333,0.01,0.004069233,0.001559433,0.014816067,0.0080625,-1.069358072,0.043678772,0.725562359,-0.060239002,-0.01501061,-0.004811645,-0.894157537,1.885753175,-0.173140908
2003.25,290352,13152.16008,6.133333333,-1.86571613,0.955746613,5.209850153,86.455,0.10408,1.17708,1.25,1.04,5.522007891,0.0217,-0.0095,-0.034148933,0.0441153,0.218403633,,-0.2802698,-0.2291566,-0.093767238,-0.033338234,-0.016892181,0.025755967,-0.009989267,-0.022741933,-0.028666633,-0.043075333,0.02,0.021666667,0.006666667,0.027454833,0.033348633,0.017994533,0.045160633,0.014342251,-0.03186455,1.212578323,0.074968904,0.027572948,2.050929225,1.260523704,-0.650635199,0.611786989
2003.5,291071,13372.32843,6.133333333,-0.877288581,0.933527223,5.217283225,86.934,2.46944,1.64308,1.02,0.93,5.539123636,0,-0.0111,0.0501795,-0.0603285,-0.016895,,-0.3679172,-0.2717572,-0.124993268,-0.121923542,-0.035899316,0.037786733,0.028000033,0.0175,0.022833333,0.003666733,0.001666667,0,-0.01,-0.004739567,0.0000668,-0.0148182,-0.0066092,-0.539398973,-0.00013682,1.069096849,0.010700294,0.006863468,-1.588734801,-0.188532317,1.141181775,1.376733154
2003.75,291796,13528.72484,5.833333333,-0.429185274,0.617403672,5.221075282,87.346,1.83548,1.64108,1,0.92,5.630030373,-0.0017,0.0049,0.023274567,-0.0266164,-0.065143867,,-0.4965423,-0.4209876,-0.284981957,0.016794041,0.007391904,0.00012,-0.0020968,-0.029596767,-0.0238978,-0.0256452,0,-0.001666667,-0.028333333,0.0020367,0.011740933,-0.0288329,0.014202967,-0.122929307,-0.073422626,-0.308052542,0.022177193,0.005451147,0.445029556,1.187388324,-0.319644121,-0.344435462
2004,292374,13606.48295,5.7,-0.585231485,0.505903145,5.22950152,88.108,3.32124,2.4656,1,0.92,5.694137006,0,0.0301,-0.017176833,0.0029779,0.186907167,,-0.024637,-0.0369602,-0.237645344,-0.161076148,-0.033965992,0.001666633,0.001236633,0.026774167,0.052634333,0.071774133,0,0,0.016666667,-4.32E-05,-0.006350167,0.009998767,-0.009308633,-0.237734621,-0.068002243,-0.407980815,0.045336556,0.01351783,0.741518903,-0.619852412,-0.203149466,0.287477
2004.25,293000,13706.2166,5.6,-0.505854958,0.397166951,5.23732279,88.875,2.742,2.34492,1.01,1.08,5.70655586,-0.005,0.0121,0.003001333,-0.054332633,-0.086855467,,0.037275,0.0292589,-0.142871546,0.060899668,0.031668846,-0.003882167,-0.002584233,-0.008344,-0.009847633,-0.009629033,-0.004996667,-0.005,-0.008333333,-0.008814333,-0.0093284,-0.011338867,-0.0048841,0.506426695,-0.043730149,-0.230395638,-0.052354928,-0.013720054,0.855734399,-0.537454196,-0.601690201,0.594558509
2004.5,293718,13830.7128,5.433333333,-0.232433422,0.189020209,5.243683839,89.422,2.01832,1.48676,1.43,1.49,5.684359767,0.01,-0.0006,-0.067049167,0.026217233,0.294791367,,0.4479468,0.4268591,0.489502788,-0.187027047,-0.076634468,0.000848833,0.008996633,0.003666667,0.0052778,0.0062778,0.001666667,0.009996667,0.01,-0.0008866,0.007701567,0.010797433,0.0042529,-0.168209999,0.077637245,-0.093718476,-0.02719651,-0.003626159,-0.270645451,0.540344717,0.925290385,0.604584547
2004.75,294463,13950.40478,5.433333333,0.113232574,0.179039809,5.25436302,90.049,3.41584,2.16416,1.95,2.01,5.68652713,-0.005,-0.0143,-0.066445567,0.049294833,0.169693267,,0.3954168,0.4543044,0.404866959,-0.133268144,-0.070303176,-0.004267067,-0.006519967,-0.0129032,-0.0195699,-0.024982133,-0.003333333,-0.004996667,-0.011666667,-0.001231867,-0.006204267,-0.0184087,0.0088201,-0.252748546,0.085231274,0.047832538,0.045663133,0.012839482,0.756806404,1.172511752,0.373744673,0.333678939
2005,295102,14099.11645,5.3,0.583773585,0.064684502,5.259398198,90.883,2.28036,2.792,2.47,2.54,5.680565299,0.0033,0.0314,-0.010157133,-0.035429367,0.311464781,,0.118291,0.1680486,0.191696038,-0.008956299,0.013247717,-0.001276267,0.0003763,0.000430133,0.001451567,0.001827933,0,0.003333333,0.018333333,-0.006443133,0.000276033,0.013751567,-0.001061267,0.373095351,0.048392274,0.193596389,-0.0121208,-0.002816135,-0.228755888,0.136472952,-1.322385847,0.466120217
2005.25,295710,14172.68388,5.1,0.438788209,-0.156698858,5.266138439,91.543,2.40264,1.83832,2.94,2.86,5.698443794,0.0083,0.002,-0.0005836,-0.007728873,0.109781863,,0.5453938,0.5301628,0.365931028,-0.065096286,-0.00522929,-0.001898833,0.005758033,0.021417633,0.0303405,0.035876367,0,0.008333333,0.023333333,0.001477,0.004382333,0.0221414,0.011057233,0.444555801,0.044939588,-0.512700626,-0.021336654,-0.006733384,-1.186479914,0.53664038,0.01757255,-0.04931978
2005.5,296444,14291.71311,4.966666667,0.749350952,-0.287803848,5.281136878,92.399,4.2714,1.49872,3.46,3.36,5.678396059,0.0067,-0.0165,-0.0638347,0.001380767,0.197669201,,0.2999568,0.309533,0.353386548,0.070826745,0.042907673,0.0015388,0.0051667,0.0112221,0.008999967,0.0057222,0.003333333,0.006666667,-0.003333333,-0.0001177,0.0019459,-0.0053427,0.005356367,0.687222252,0.042905989,0.178801998,0.020797912,0.009299994,-0.202639751,-1.623091717,2.577808235,0.711573623
2005.75,297203,14373.36198,4.966666667,0.834201694,-0.331226106,5.290450373,93.1,3.12272,2.59752,3.98,3.83,5.700296847,-0.0017,-0.0026,-0.021600767,0.006541867,0.0099252,,0.2576687,0.2695316,0.3043844,-0.040937771,-0.068209176,0.006014267,0.005311833,0.003435533,-0.000684567,0.000982133,-0.003333333,-0.001666667,-0.001666667,-0.0085143,-0.0105724,-0.005103833,-0.0028971,0.586568624,0.035104488,-0.694042805,-0.029786585,-0.008659028,0.17266017,2.483558952,-0.668211895,-0.7490652
2006,297854,14546.10367,4.733333333,1.646350589,-0.689381393,5.295646775,93.832,2.02624,2.2604,4.45,4.39,5.737378905,0.0183,0.0262,0.018468433,-0.041458362,0.189256138,,0.2000051,0.2090219,0.310660673,-0.065874857,-0.031592425,0.000555767,0.008978533,0.0087634,0.010376367,0.012258033,0.001666667,0.018333333,0.026666667,-0.0066281,0.0003957,0.013435867,0.0244634,0.333570635,0.039106251,-0.133359857,0.022563547,0.010795015,-0.863838752,0.300373376,-0.281215534,-0.150225919
2006.25,298505,14589.53133,4.633333333,1.408212326,-0.864478456,5.304628232,94.587,3.2142,2.84608,4.91,4.7,5.791219704,0.0033,0.0099,-0.015189767,-0.005103248,-0.058534167,,0.6312646,0.6044538,0.28778047,0.079715741,0.02092035,-0.0003333,0.019820767,0.0333011,0.038197133,0.0396487,-0.001666667,0.003333333,0.003333333,0.0086379,0.0178307,0.009561833,0.0204278,0.611777547,0.085371971,-0.363159779,-0.021458559,-0.010080874,-0.141877719,0.520653563,0.324566564,-0.113547623
2006.5,299271,14602.55966,4.633333333,1.130476483,-0.958295175,5.314024213,95.247,2.88468,2.15792,5.25,4.91,5.8298242,-0.0117,0.0046,0.000517433,-0.01724516,-0.112378123,,0.1118122,0.1261501,0.177231472,-0.06722468,-0.013579676,-0.022225467,-0.019444367,-0.0232223,-0.02,-0.0187778,-0.013333333,-0.011666667,-0.005,-0.005216367,-0.002437233,0.0067314,-0.002855567,0.276213888,-0.015109163,-1.170627136,0.014418852,0.000394549,0.143961405,0.041547095,-0.144997271,-0.728573044
2006.75,300090,14716.88638,4.433333333,1.586434518,-1.272069133,5.309912897,95.58,-0.67476,1.7156,5.24,4.9,5.868677544,-0.0033,-0.0185,-0.010006467,0.018036927,-0.065827273,,-0.0891731,-0.0137968,0.17394574,0.055510209,-0.021526689,-0.004831233,-0.002742,-0.0006702,-0.010939033,-0.0115698,-0.001666667,-0.003333333,-0.006666667,0.0056712,-0.001196633,0.000622933,0.012832667,0.15148128,-0.018986641,0.241492567,0.061145559,0.019280102,1.05628316,0.533130398,-1.683580545,0.292732488
2007,300799,14725.9296,4.5,1.469228589,-1.306438978,5.319665823,96.654,3.78148,2.89836,5.25,4.98,5.910179027,-0.0067,-0.0205,0.012183967,-0.01593661,-0.052753247,,0.0487279,0.0863401,-0.312437415,-0.020149581,-0.004580743,-0.0016667,-0.0040334,-0.013010733,-0.0234409,-0.0273657,0,-0.00667,-0.031666667,0.003068233,-0.0094076,-0.032377967,-0.006711067,-0.09177859,-0.000265039,-0.498388607,-0.010198312,-0.007326907,1.007602995,0.193968213,1.526511058,-0.731380495
2007.25,301492,14838.67317,4.5,1.72685693,-1.461248315,5.330931049,97.194,3.24464,1.48524,5.25,4.74,5.983604664,0.0017,0.0107,-0.016415033,0.00528125,0.02752169,,-0.0947045,-0.0833344,0.092941341,0.120472687,0.023509701,-0.002346567,-0.0015613,-0.008596833,-0.005897867,-0.003897767,-0.001666667,0.001666667,0.013333333,-0.003599333,-0.0028703,0.0089253,0.018904,0.234841044,-0.02608786,-0.154019668,0.041229274,0.010443792,-0.234526836,-0.446397856,-0.179825009,0.280547007
2007.5,302272,14938.53236,4.666666667,1.991878695,-1.435524226,5.337242624,97.531,2.25296,1.95756,5.07,4.3,6.01422084,-0.065,0.0136,0.026301556,-0.17593578,0.20813218,,-0.6357841,-0.5634434,-0.176169101,-0.058816022,-0.014498516,-0.026735533,-0.0245556,-0.030222167,-0.0333889,-0.031555567,-0.025,-0.056666667,-0.066666667,-0.016018667,-0.039748133,-0.053848533,-0.021862067,-0.28703617,-0.07096552,0.961002081,-0.02303759,-0.010880922,0.202182202,-0.359075212,0.352985842,0.540672198
2007.75,303049,14991.73098,4.8,2.354869887,-1.527380509,5.349426314,97.956,3.92932,2.59788,4.5,3.39,6.024882235,0.02,-0.006,-0.058466867,-0.046966647,0.113519333,,-0.5107119,-0.3788987,-0.540997719,-0.187750533,-0.052992095,-0.0391056,-0.015336833,0.0166147,0.001276033,-0.009492867,0.005,0.02,0.065,0.024785433,0.043936133,0.082083867,0.048258833,-0.830881812,-0.021583471,0.118853101,0.001588776,-0.001597817,,-1.252486325,1.278235521,0.199643674
2008,303708,14889.35807,5,1.564963035,-1.534033764,5.360207179,98.516,3.35376,2.2232,3.18,2.04,6.088682344,-0.0217,0.0609,-0.090146167,-0.16968135,0.570736583,,,,,-0.243546672,-0.031494448,-0.1756424,-0.070483933,-0.054462333,-0.045215033,-0.035698867,,,,,,,0.004365,-1.682902975,-0.172526298,-0.693021612,-0.090094693,-0.033081394,,0.025970607,-0.054196436,-1.011158489
2008.25,304332,14963.38199,5.333333333,1.890155153,-1.451745975,5.373112891,98.995,4.11448,1.9148,2.08,1.63,6.141418547,-0.02,-0.0026,-0.020656333,-0.006682967,-0.0881397,,,,,0.206704075,0.027039902,-0.0048965,-0.0102903,-0.0257634,-0.026171967,-0.018419333,,,,,,,0.0130104,0.258923186,0.024563128,0.124775468,0.041758854,0.013163681,,-2.845225456,1.085922838,0.790213376
2008.5,305051,14891.69585,6,1.17438894,-0.975820355,5.388436639,99.673,4.14188,1.88016,1.94,1.49,6.098856639,0.03,0.0204,-0.066553367,-0.315375667,0.713274067,,,,,0.247370327,0.205166967,0.014194967,0.014000033,-0.0021667,-0.002833367,-0.009000067,,,,,,,0.039716133,1.799237329,0.107593557,-0.596058175,-0.115444317,-0.03658716,,-0.850967177,0.063112449,0.312377448
2008.75,305781,14576.8672,6.866666667,-1.177127705,-0.300652779,5.365209047,99.815,-6.00008,0.18616,0.51,0.3,5.814497697,-0.0817,-0.0572,-0.1806068,0.05667875,0.322901467,,,,,0.122552195,0.105597565,-0.061801133,-0.031826333,-0.059919333,-0.073306467,-0.079139767,,,,,,,0.0002299,1.314580481,,-1.512904278,-0.258023649,-0.083060652,,2.139044667,-3.279317926,-1.002496484
2009,306399,14374.98751,8.266666667,-2.469808036,0.879970771,5.358364958,100.062,-2.39992,0.36648,0.18,0.21,5.758132449,-0.0033,-0.1417,-0.108513233,0.115833867,0.0894879,,,,,0.167905041,0.069788576,-0.0241672,-0.031345667,-0.0599463,-0.063225733,-0.062473067,,,,,,,0.023441267,1.118835483,,0.554618897,-0.006296499,-0.000210494,,-0.857023521,0.785818366,-0.086205417
2009.25,306992,14355.47325,9.3,-2.785157132,1.672452216,5.363660429,99.895,1.79828,1.804,0.18,0.17,5.857280211,0.0017,0.0563,0,0,0,,,,,0.075844925,-0.020208576,0.0016667,-0.000161333,-0.004912067,-2.33E-05,0.007835133,,,,,,,0.031707367,0.435805967,,1.010326619,0.086709693,0.030672139,,-1.540359946,-0.131244751,1.034590455
2009.5,307690,14402.39104,9.633333333,-2.606975672,1.782643498,5.372234378,99.873,2.76364,1.4188,0.15,0.16,5.925581414,-0.0067,-0.0195,0,0,0,,,,,-0.053341467,-0.067642646,-0.0004444,-0.003000033,-0.004500067,-0.003722267,0.001777733,,,,,,,-0.002231033,-0.137553221,,0.566699228,0.039850362,0.014629781,,-0.914223469,0.539600479,0.64315214
2009.75,308413,14541.92415,9.933333333,-1.718513105,1.915351275,5.380034128,100.169,3.09376,2.49504,0.12,0.06,5.992409284,-0.005,0.019,0,0,0,,,,,0.121095578,0.051611471,-0.008478967,-0.007856833,-0.028222233,-0.0355018,-0.040365633,,,,,,,-0.0110698,0.423062589,,-0.386037566,0.03899727,0.014411051,,-0.156971936,0.133193962,0.451101401
2010,309024,14604.86262,9.833333333,-1.560092216,1.674268055,5.381619294,100.522,1.36884,1.16064,0.13,0.11,6.055117356,-0.0033,0.0027,0,0,0,,,,,0.019448364,-0.001687885,-0.007556133,-0.002526933,-0.0018279,0.005537667,0.0145699,,,,,,,,0.32515877,,,-0.002161741,-0.005328605,,0.770908451,1.1321362,0.501362369
2010.25,309376,14745.86007,9.633333333,-0.891545006,1.36188925,5.381266542,100.968,0.45144,0.89152,0.19,0.15,6.066930308,-0.0033,0.0045,0,0,0,,,,,-0.073671517,-0.029064966,-0.000389433,-0.004946233,-0.0089499,-0.011813667,-0.011759833,,,,,,,,-0.231168768,,,-0.011706442,-0.001899416,,-0.353914333,-0.517269334,0.030837297
2010.5,309991,14845.55699,9.466666667,-0.430903588,1.179663853,5.384193006,101.429,0.70504,0.53732,0.19,0.16,6.106393901,0.0017,-0.0231,-0.1563025,0.1509233,0.185360367,,,,,-0.003004003,0.00433041,0.002452233,0.0005556,-0.005333233,-0.011555533,-0.013222233,,,,,,,,0.049151649,,,-0.062450729,-0.01302729,,-0.581088807,-0.293194682,-0.438959988
2010.75,310654,14939.03815,9.5,-0.229147758,1.128189678,5.392254803,101.949,2.4222,1.09248,0.19,0.14,6.20617348,0.0017,0.0307,-0.072591,0.078414267,0.056243,,,,,-0.021615796,-0.025308809,0.002776633,0.002777733,-0.005555633,-0.004856667,-0.004856667,,,,,,,,0.008958374,,,0.100160591,0.030513631,,-0.462632294,0.729651947,-0.741431402
2011,311205,14881.39533,9.066666667,-0.793942498,0.60732725,5.402815359,102.399,3.49504,1.8984,0.15,0.13,6.31996509,-0.0017,0.0114,0,0,0,,,,,-0.025992043,-0.002122301,-0.001666533,-0.0016666,-0.0016667,-0.002204333,-0.005376367,,,,,,,,-0.109632349,,,0.045827784,0.008983142,,-0.182009488,0.263386062,-1.090419938
2011.25,311733,14989.48083,9.066666667,-0.430753272,0.716231972,5.414275123,103.145,3.93992,2.33852,0.09,0.05,6.335018893,-0.0033,0.0029,0,0,0,,,,,-0.025882508,0.007719435,0,-0.000500033,0.000500033,0.0020054,0.0045108,,,,,,,,0.082435745,,,-0.021268327,-0.006926636,,0.323513877,-0.927523662,-0.665286427
2011.5,312360,15021.10477,9,-0.832459917,0.653679672,5.420793448,103.768,1.94056,1.9288,0.08,0.02,6.294289966,0.005,-0.0221,-0.260478467,0.223170933,0.4745175,,,,,-0.137064646,-0.034796871,-0.001420033,-0.0006111,0.008944533,-0.003277767,-0.015944467,,,,,,,,-0.532392417,,,-0.071648985,-0.021836281,,0.039996979,0.303153612,-0.359172487
2011.75,313001,15190.2961,8.633333333,-0.077689412,0.31799853,5.425115687,103.917,1.36416,1.482,0.07,0.01,6.203558012,0.0033,-0.0038,0,0,0,,,,,-0.139968469,-0.054386576,0.002733867,0.007777767,0.017598467,0.019820767,0.021487467,,,,,,,,-0.27674608,,,-0.001818405,0.004567962,,1.431770519,-0.176515465,0.50926728
2012,313538,15291.00377,8.266666667,0.281767466,0.107108176,5.430673193,104.466,2.74464,2.62912,0.1,0.07,6.207322607,0,-0.0036,-0.065510533,0.079078633,0.010049667,,,,,-0.153648248,-0.075745534,-0.001110567,0,-0.0026881,-0.0039785,-0.006290333,,,,,,,,-0.630219617,,,0.053801849,0.01902879,,-0.992010885,-0.209624184,0.179130001
2012.25,314060,15362.53014,8.2,0.269250249,0.118729493,5.433114331,104.943,0.95912,1.64924,0.15,0.09,6.178277282,0.0033,-0.0078,-0.007780933,0.004710367,0.047903067,,,,,0.047008997,0.043697614,0.0009179,0.0012222,0.0030896,0.0043799,0.005025067,,,,,,,,0.315651027,,,-0.028257605,-0.012394157,,,,
2012.5,314677,15380.72942,8,-0.057843682,0.050516419,5.437487954,105.508,1.14524,1.13636,0.14,0.1,6.189721032,0.0117,0.0348,0.054150167,-0.044833567,-0.107068133,,,,,-0.05403728,-0.018521142,,,,,,,,,,,,,-0.412727422,,,0.043656193,0.010756263,,,,
2012.75,315334,15384.24506,7.8,-0.425155389,4.87E-05,5.444014632,105.935,2.2466,1.76832,0.16,0.09,6.180057747,-0.0017,0.0089,0.0420946,-0.049776567,-0.039648167,,,,,0.015354523,-0.012661576,,,,,,,,,,,,,0.182948581,,,-0.00887763,-0.003980736,,,,
2013,315870,15457.16085,7.733333333,-0.04264625,0.064874461,5.447441132,106.363,1.42312,1.58552,0.14,0.09,6.186846281,0.0033,-0.0044,0,0,0,,,,,-0.116830017,-0.025140278,,,,,,,,,,,,,-0.295374139,,,0.05635551,0.014777357,,,,
2013.25,316403,15500.2204,7.533333333,-0.435451353,0.042541867,5.447087999,106.623,0.2984,1.24124,0.12,0.05,,0,0.0265,0.111866567,-0.126106833,-0.042422233,,,,,0.005062296,-0.010010754,,,,,,,,,,,,,-0.103765118,,,0.027149634,0.00770092,,,,
2013.5,317024,15614.49854,7.233333333,-0.186758421,-0.069441509,5.452704196,107.128,1.61888,1.54412,0.09,0.03,,0,-0.0451,-0.0461828,0.057901667,-0.028038633,,,,,-0.051491657,0.009824723,,,,,,,,,,,,,-0.012049482,,,0.010103489,0.000603629,,,,
2013.75,317672,15761.4626,6.966666667,0.062694772,-0.173594674,5.456228438,107.589,1.63208,1.90532,0.09,0.06,,0,0.013,0.051741933,-0.060806,-0.026189967,,,,,0.036000623,0.012306823,,,,,,,,,,,,,-0.172380571,,,0.032636918,0.010238131,,,,
2014,318202,15724.8933,6.633333333,-0.778290923,-0.17239323,5.461390296,108.009,1.87148,1.31552,0.07,0.05,,0,0.0117,0.041125933,-0.0595283,0.092976367,,,,,-0.116337463,-0.062286336,,,,,,,,,,,,,-0.442099855,,,0.026289603,-0.00074334,,,,
2014.25,318736,15901.51557,6.2,-0.002159311,-0.468204287,5.467408268,108.606,1.91356,1.87708,0.09,0.03,,0,0.0015,-0.008486967,0.010044067,-0.033438933,,,,,-0.091000784,-0.019273815,,,,,,,,,,,,,-0.641051042,,,0.00415878,0.005603074,,,,
2014.5,319358,16068.8346,6.066666667,0.634472023,-0.363287205,5.470351385,109.044,1.07604,1.4812,0.09,0.03,,0,0.0039,0.0102251,-0.021227367,0.064670667,,,,,-0.009400077,0.00870406,,,,,,,,,,,,,-0.088259799,,,0.005048926,0.003154395,,,,
2014.75,320006,16151.44819,5.7,0.612494155,-0.559608718,5.468203198,109.067,-0.50944,1.09648,0.1,0.02,,0.0017,0.0005,0.067367133,-0.074009533,-0.007369467,,,,,-0.010627815,0.011052804,,,,,,,,,,,,,-0.067043183,,,0.016078966,0.001317222,,,,
2015,320536,16177.32518,5.566666667,0.806526114,-0.558908507,5.460438765,109.099,-1.74772,0.7294,0.11,0.03,,-0.0083,-0.0229,-0.0294431,0.0280861,-0.0139123,,,,,0.072596362,0.041166561,,,,,,,,,,,,,,,,0.015861543,0.000318685,,,,
2015.25,321070,16333.58864,5.4,0.954269014,-0.462576494,5.467772525,109.674,1.97384,1.704,0.13,0.02,,-0.0067,-0.0174,0.028492333,-0.020295733,-0.1208319,,,,,0.160522677,0.095140122,,,,,,,,,,,,,,,,0.002367674,0.000830161,,,,
2015.5,321692,16417.8277,5.166666667,0.691209022,-0.571653287,5.47170425,110.031,1.12828,1.35664,0.13,0.04,,-0.0183,-0.0185,-0.059455,0.0341899,-0.021391733,,,,,0.105615298,0.055525225,,,,,,,,,,,,,,,,-0.047343172,-0.014692241,,,,
2015.75,,,,0.128541369,-0.486890381,,,-0.33032,0.98888,,,,0.0117,-0.0029,-0.0320935,0.004851067,0.137550433,,,,,0.182550342,0.07943266,,,,,,,,,,,,,,,,,,,,,
2016,,,,0.033306022,-0.40868199,,,0.16788,1.65256,,,,-0.0217,-0.0288,-0.011358833,0.009684433,-0.101009567,,,,,0.034672105,0.022347717,,,,,,,,,,,,,,,,,,,,,
2016.25,,,,-0.097230694,-0.237118018,,,2.37504,1.99388,,,,-0.0083,-0.0074,-0.016851367,0.012327833,-0.009202967,,,,,-0.062643187,-0.051904449,,,,,,,,,,,,,,,,,,,,,
2016.5,,,,-0.158862565,-0.072032947,,,1.67068,1.94872,,,,-0.0067,-0.015,,,,,,,,0.043103661,0.025847467,,,,,,,,,,,,,,,,,,,,,
2016.75,,,,-0.262741538,-0.013113057,,,1.79408,1.43908,,,,0.005,0.0201,,,,,,,,0.068156387,-0.003571899,,,,,,,,,,,,,,,,,,,,,
2017,,,,-0.305870491,-0.05999961,,,2.07228,1.66004,,,,,,,,,,,,,0.061399202,0.027870973,,,,,,,,,,,,,,,,,,,,,
2017.25,,,,-0.384124583,-0.112325669,,,0.91248,1.31108,,,,,,,,,,,,,-0.003714244,-0.016266482,,,,,,,,,,,,,,,,,,,,,
2017.5,,,,-0.210325674,-0.0696868,,,1.65664,1.46552,,,,,,,,,,,,,0.06025212,0.02856669,,,,,,,,,,,,,,,,,,,,,
2017.75,,,,0.044677601,-0.131608365,,,2.64196,2.15688,,,,,,,,,,,,,0.022982382,-0.032002035,,,,,,,,,,,,,,,,,,,,,
2018,,,,0.0570527,0.002427829,,,2.50096,2.2694,,,,,,,,,,,,,0.174412276,0.047346683,,,,,,,,,,,,,,,,,,,,,
2018.25,,,,0.301896558,-0.06697777,,,2.18868,2.11,,,,,,,,,,,,,0.066519764,0.002790799,,,,,,,,,,,,,,,,,,,,,
2018.5,,,,0.404026058,-0.039226231,,,1.57424,1.56172,,,,,,,,,,,,,0.035470669,-0.027977052,,,,,,,,,,,,,,,,,,,,,
2018.75,,,,0.056074093,0.086323235,,,1.32456,1.7312,,,,,,,,,,,,,0.139057199,0.063595546,,,,,,,,,,,,,,,,,,,,,
2019,,,,0.199567513,0.310335939,,,0.39472,1.04752,,,,,,,,,,,,,0.070680046,-0.005397246,,,,,,,,,,,,,,,,,,,,,
2019.25,,,,0.079422242,0.133423236,,,2.36224,1.84668,,,,,,,,,,,,,0.04560628,0.01336607,,,,,,,,,,,,,,,,,,,,,
2019.5,,,,-0.018588795,0.256002521,,,1.47916,2.09188,,,,,,,,,,,,,0.030909788,-0.015959115,,,,,,,,,,,,,,,,,,,,,
2019.75,,,,-0.122323883,0.278407801,,,1.54768,1.31788,,,,,,,,,,,,,0.026483418,-0.003593584,,,,,,,,,,,,,,,,,,,,,