date,gdp,inv,cons,lab,unemp,lab_share,ffr,infl,lab_prod,tfp,lpcom,ff4,onrun10,ir_1,ir_2,ir_3,rr_1,rr_2,rr_3,rr_4,gk_var_1,gk_var_2,mp1_tc,ff4_tc,ed2_tc,ed3_tc,ed4_tc,ff1_vr,ff4_vr,ed2_vr,ff1_gkgreen,ff4_gkgreen,ed2_gkgreen,mar_raw,mar_svariv,ad
1955,970.1248962,1295.549193,1364.477063,1754.897438,4.7333,467.9990048,0.335825,0.481,346.4954347,-0.46,,,,,,,,,,,,,,,,,,,,,,,,,,
1955.25,971.3355574,1300.175746,1364.909511,1755.983429,4.4,468.160331,0.375,0.414,346.7858648,-0.165,,,,,,,,,,,,,,,,,,,,,,,,,,
1955.5,972.2205455,1302.173918,1364.813137,1757.418368,4.1,468.5431331,0.485,0.702,347.1935396,0.24,,,,,,,,,,,,,,,,,,,,,,,,,,
1955.75,972.3343623,1303.752963,1365.712812,1758.314075,4.2333,468.825135,0.589175,0.977,346.8824877,-1.16,,,,,,,,,,,,,,,,,,,,,,,,,,
1956,971.5228403,1300.363029,1365.681021,1757.114115,4.0333,470.665219,0.620825,1.005,345.6442856,-0.6475,,,,,,,,,,,,,,,,,,,,,,,,,,
1956.25,971.938441,1298.131972,1365.707516,1756.961424,4.2,471.4822479,0.673325,0.596,346.0974586,0.925,,,,,,,,,,,,,,,,,,,,,,,,,,
1956.5,971.389966,1297.583497,1365.548147,1756.938404,4.1333,471.7435806,0.7025,1.242,346.1037382,0.3925,,,,,,,,,,,,,,,,,,,,,,,,,,
1956.75,972.5138096,1297.162909,1366.087763,1756.341254,4.1333,471.7382177,0.731675,0.413,347.1593712,1.09,,,,,,,,,,,,,,,,,,,,,,,,,,
1957,972.7346855,1296.993921,1365.720978,1756.351573,3.9333,470.8908386,0.733325,1.35,348.2961683,2.025,,,,,,,,,,,,,,,,,,,,,,,,,,
1957.25,972.1005983,1295.575516,1365.674551,1754.947682,4.1,471.6738394,0.75,0.701,347.9207255,3.545,,,,,,,,,,,,,,,,,,,,,,,,,,
1957.5,972.6213237,1295.305723,1366.585141,1754.135497,4.2333,471.0727682,0.808325,0.601,349.3411866,4.655,,,,,,,,,,,,,,,,,,,,,,,,,,
1957.75,971.1418644,1287.266536,1367.032524,1752.48765,4.9333,471.8338144,0.813325,0.06,349.6598466,6.8825,,,,,,,,,,,,,,,,,,,,,,,,,,
1958,968.1343502,1279.929341,1366.289257,1750.064797,6.3,472.8891113,0.465825,1.077,348.2654473,7.2075,,,,,,,,,,,,,,,,,,,,,,,,,,
1958.25,968.4086988,1277.512944,1366.936045,1749.801974,7.3667,471.7283848,0.235,0.284,350.2158233,7.4675,,,,,,,,,,,,,,,,,,,,,,,,,,
1958.5,970.259461,1283.373152,1367.665301,1750.54756,7.3333,471.6496869,0.330825,0.606,352.0667882,7.3875,,,,,,,,,,,,,,,,,,,,,,,,,,
1958.75,972.1125995,1290.333784,1367.812237,1751.158619,6.3667,469.9243237,0.540825,0.468,353.7416825,7.485,,,,,,,,,,,,,,,,,,,,,,,,,,
1959,973.5542162,1294.638581,1368.870711,1752.166782,5.8333,470.3367104,0.6425,0.268,353.8114702,6.5625,4.607473627,,,,,,,,,,,,,,,,,,,,,,,,,
1959.25,975.574132,1300.223231,1369.926299,1753.163443,5.1,469.7740251,0.770825,0.146,354.9904702,6.665,4.636562628,,,,,,,,,,,,,,,,,,,,,,,,,
1959.5,974.9520189,1295.632343,1370.651656,1752.039985,5.2667,470.1752284,0.894175,0.372,354.7920546,7.3925,4.623370106,,,,,,,,,,,,,,,,,,,,,,,,,
1959.75,974.9053499,1295.179994,1371.556469,1752.346639,5.6,470.8051631,0.9975,0.393,354.6191987,8.36,4.606841697,,,,,,,,,,,,,,,,,,,,,,,,,
1960,976.3075399,1302.883481,1371.046555,1750.277388,5.1333,470.5259835,0.983325,0.409,356.9110072,9.935,4.596798897,,,,,,,,,,,,,,,,,,,,,,,,,
1960.25,975.574132,1295.848776,1372.035678,1752.4234,5.2333,472.3059883,0.924175,0.264,355.5490908,9.8375,4.614125967,,,,,,,,,,,,,,,,,,,,,,,,,
1960.5,975.4000979,1294.035361,1371.481415,1752.011216,5.5333,472.2259648,0.734175,0.361,355.8372056,10.1775,4.605370943,,,,,,,,,,,,,,,,,,,,,,,,,
1960.75,973.7314897,1284.190158,1371.886397,1750.477602,6.2667,473.5663217,0.574175,0.308,354.610548,11.03,4.578822812,,,,,,,,,,,,,,,,,,,,,,,,,
1961,974.0144754,1283.572236,1372.169382,1749.997163,6.8,473.0709729,0.500825,0.216,355.8856187,10.8875,4.600801433,,,,,,,,,,,,,,,,,,,,,,,,,
1961.25,975.4755499,1288.589241,1372.88139,1749.953942,7,471.4481885,0.433325,0.244,358.7012828,11.625,4.614616364,,,,,,,,,,,,,,,,,,,,,,,,,
1961.5,976.7094928,1293.678051,1372.79081,1748.742404,6.7667,470.7501117,0.420825,0.26,360.0731067,12.0875,4.60092499,,,,,,,,,,,,,,,,,,,,,,,,,
1961.75,978.290059,1296.095442,1373.798308,1749.309223,6.2,470.4979321,0.6,0.327,361.0025623,11.335,4.590186046,,,,,,,,,,,,,,,,,,,,,,,,,
1962,979.7182146,1299.585526,1374.263993,1749.611596,5.6333,469.9743731,0.614175,0.517,362.6525212,12.2425,4.596120176,,,,,,,,,,,,,,,,,,,,,,,,,
1962.25,980.4385191,1298.659703,1374.984297,1750.165518,5.5333,470.4436168,0.651675,0.162,362.4874124,11.975,4.56682512,,,,,,,,,,,,,,,,,,,,,,,,,
1962.5,981.0000709,1299.635334,1375.739086,1750.243091,5.5667,469.7348193,0.711675,0.207,363.7822974,13.0125,4.547540759,,,,,,,,,,,,,,,,,,,,,,,,,
1962.75,980.9835996,1298.371446,1376.491849,1749.142923,5.5333,469.8924611,0.730825,0.195,364.6258968,14.245,4.551732162,,,,,,,,,,,,,,,,,,,,,,,,,
1963,981.7602813,1301.218595,1376.499296,1749.548276,5.7667,470.0198508,0.741675,0.439,364.9566737,14.055,4.552035941,,,,,,,,,,,,,,,,,,,,,,,,,
1963.25,982.7362162,1303.010861,1376.700033,1750.051696,5.7333,469.48372,0.740825,0.166,365.9656595,14.2775,4.563052194,,,,,,,,,,,,,,,,,,,,,,,,,
1963.5,984.2834805,1304.963805,1378.052556,1749.930168,5.5,468.4304789,0.8325,0.122,368.0721266,15.52,4.553616431,,,,,,,,,,,,,,,,,,,,,,,,,
1963.75,984.6123235,1306.099104,1377.990773,1749.917123,5.5667,468.9649193,0.863325,0.81,368.0696061,15.4675,4.580013882,,,,,,,,,,,,,,,,,,,,,,,,,
1964,986.4382833,1308.725068,1379.424576,1751.450485,5.4667,467.7221044,0.865825,0.318,368.9604191,17.035,4.572214841,,,,,,,,,,,,,,,,,,,,,,,,,
1964.25,987.307989,1308.794769,1380.881942,1752.115052,5.2,467.8420648,0.8725,0.24,369.6376283,16.3425,4.580588285,,,,,,,,,,,,,,,,,,,,,,,,,
1964.5,988.2927639,1310.977163,1382.256581,1751.855282,5,467.8959536,0.864175,0.403,370.3891212,17.0875,4.603425581,,,,,,,,,,,,,,,,,,,,,,,,,
1964.75,988.2927639,1310.180346,1382.644931,1752.015413,4.9667,469.2044887,0.894175,0.456,369.4911226,16.885,4.651665565,,,,,,,,,,,,,,,,,,,,,,,,,
1965,990.4537002,1318.544822,1383.243336,1753.239439,4.9,467.8011642,0.993325,0.502,370.9637507,16.7875,4.650966216,,,,,,,,,,,,,,,,,,,,,,,,,
1965.25,991.5416123,1318.117553,1384.527905,1753.701958,4.6667,467.7388517,1.019175,0.446,371.5570069,17.1625,4.673376563,,,,,,,,,,,,,,,,,,,,,,,,,
1965.5,993.2172186,1320.55362,1385.612376,1753.282972,4.3667,466.5983025,1.018325,0.396,373.3350782,19.1275,4.668639123,,,,,,,,,,,,,,,,,,,,,,,,,
1965.75,995.2230097,1321.798951,1387.618167,1754.13763,4.1,465.9137402,1.041675,0.676,375.1384659,19.84,4.692748063,,,,,,,,,,,,,,,,,,,,,,,,,
1966,997.4132392,1327.734937,1388.415339,1754.313346,3.8667,465.9440545,1.139175,0.645,376.5261624,20.66,4.748404867,,,,,,,,,,,,,,,,,,,,,,,,,
1966.25,997.562215,1324.898616,1389.561333,1754.638139,3.8333,467.0854925,1.228325,0.819,375.917481,20.1875,4.734535451,,,,,,,,,,,,,,,,,,,,,,,,,
1966.5,997.9661247,1324.542066,1389.766632,1754.479532,3.7667,467.6038631,1.3525,0.968,376.0711624,20.3175,4.723435673,,,,,,,,,,,,,,,,,,,,,,,,,
1966.75,998.5113621,1325.087303,1389.913463,1754.386981,3.7,467.1145175,1.390825,0.845,376.7528884,21.28,4.657073927,,,,,,,,,,,,,,,,,,,,,,,,,
1967,999.1818891,1322.262329,1390.783392,1753.252608,3.8333,467.1332388,1.205825,0.415,377.5905414,23.235,4.640274148,,,,,,,,,,,,,,,,,,,,,,,,,
1967.25,999.0215556,1320.909138,1391.218889,1753.521771,3.8333,467.7844273,0.9975,0.505,378.002187,24.37,4.612234287,,,,,,,,,,,,,,,,,,,,,,,,,
1967.5,999.6021154,1321.8889,1391.601233,1753.838749,3.8,467.8680837,0.973325,0.952,378.4098721,23.9075,4.591194016,,,,,,,,,,,,,,,,,,,,,,,,,
1967.75,1000.120393,1323.200832,1391.721895,1754.383458,3.9,467.9136005,1.043325,1.092,378.7660875,24.8425,4.578019347,,,,,,,,,,,,,,,,,,,,,,,,,
1968,1001.922405,1326.18164,1393.124706,1753.700717,3.7333,467.3239965,1.196675,1.105,380.9724464,26.3075,4.590424168,,,,,,,,,,,,,,,,,,,,,,,,,
1968.25,1003.368213,1328.79251,1394.370314,1754.732479,3.5667,466.899908,1.495,1.049,381.9271549,26.9475,4.57419849,,,,,,,,,,,,,,,,,,,,,,,,,
1968.5,1003.814956,1327.682801,1395.615463,1754.382825,3.5333,467.9117431,1.485825,0.98,381.8942338,26.725,4.562218564,,,,,,,,,,,,,,,,,,,,,,,,,
1968.75,1003.989605,1328.638704,1395.790113,1754.474424,3.4,468.6796255,1.479175,1.405,381.7206704,26.21,4.598161279,,,,,,,,,,,,,,,,,,,,,,,,,
1969,1005.324287,1332.281181,1396.526588,1754.950533,3.4,468.0787732,1.641675,1.033,382.4851616,26.01,4.651519239,,,,,,-0.24526549,-0.246049,-0.2274091,-0.184388582,,,,,,,,,,,,,,,,
1969.25,1005.414643,1331.224297,1397.215151,1755.255848,3.4333,469.365714,2.081675,1.269,381.6766824,25.325,4.697053859,,,,,,0.58851657,0.5906745,0.6749188,0.534632007,,,,,,,,,,,,,,,,
1969.5,1005.758109,1331.567763,1397.359611,1755.205805,3.5667,470.0962068,2.245825,1.396,381.7382601,25.1375,4.725658449,,,,,,0.51913821,0.519298,0.4843627,0.521231729,,,,,,,,,,,,,,,,
1969.75,1005.026828,1327.711228,1398.209392,1755.194452,3.5667,471.4221881,2.235,1.281,381.3174573,25.0025,4.737448925,,,,,,0.14714671,0.1479118,0.1658559,0.153874488,,,,,,,,,,,,,,,,
1970,1004.602824,1324.470136,1398.761005,1754.644178,4.1667,471.8802397,2.143325,1.399,381.5798408,26.06,4.758229955,,,,,,-0.65963701,-0.6605632,-0.5745371,-0.578449691,,,,,,,,,,,,,,,,
1970.25,1004.468325,1324.335637,1398.820492,1753.088329,4.7667,470.4816406,1.97,1.384,383.0943093,27.835,4.745066006,,,,,,-0.02406602,-0.0259126,-0.0259718,0.013839502,,,,,,,,,,,,,,,,
1970.5,1005.013875,1324.881187,1399.559653,1752.349654,5.1667,470.0780321,1.675825,0.816,384.6182303,29.2075,4.724161177,,,,,,-0.99756538,-1.001679,-0.9256776,-0.958174688,,,,,,,,,,,,,,,,
1970.75,1003.631245,1318.476581,1399.902857,1752.081733,5.8333,470.494312,1.391675,1.311,383.7579592,29.125,4.69235525,,,,,,-0.58402335,-0.5805882,-0.5999238,-0.678920747,,,,,,,,,,,,,,,,
1971,1005.967901,1329.04834,1399.34635,1751.750668,5.9333,468.6243132,0.964175,1.516,386.6230344,30.3525,4.689267731,,,,,,-0.77179544,-0.772168,-0.8935021,-0.754885584,,,,,,,,,,,,,,,,
1971.25,1006.249783,1330.898883,1399.823737,1751.669251,5.9,468.5477474,1.140825,1.309,386.9595556,30.4075,4.690258994,,,,,,0.8060988,0.8077134,0.877007,0.719257152,,,,,,,,,,,,,,,,
1971.5,1006.71783,1332.142126,1400.096279,1752.322203,6.0333,468.1028768,1.368325,1.01,387.8466222,32.5425,4.682247829,,,,,,-0.11703265,-0.1163608,-0.1003367,-0.086453995,,,,,,,,,,,,,,,,
1971.75,1006.705094,1330.964329,1401.057261,1753.407431,5.9333,469.2081558,1.1875,0.827,387.0492427,31.1875,4.667104888,,,,,,-1.583165,-1.581268,-1.527481,-1.702562742,,,,,,,,,,,,,,,,
1972,1008.24284,1335.199734,1401.425403,1754.587497,5.7667,469.2319887,0.885,1.536,388.4446238,31.475,4.7215107,,,,,,-0.06818728,-0.0683501,-0.1236863,-0.295661016,,,,,,,,,,,,,,,,
1972.25,1010.295298,1339.507926,1402.887889,1754.996528,5.7,467.983229,1.075,0.61,390.4655935,32.16,4.771111104,,,,,,-0.26899001,-0.2684411,-0.3411304,-0.344253081,,,,,,,,,,,,,,,,
1972.5,1010.952564,1340.905936,1404.135127,1755.190558,5.5667,468.1455073,1.185,0.935,391.0061082,32.8175,4.797092112,,,,,,0,-0.1365761,-0.111762,0,,,,,,,,,,,,,,,,
1972.75,1012.334571,1343.023242,1405.320864,1755.812615,5.3667,468.564357,1.285825,1.262,391.8263493,33.6525,4.845123681,,,,,,0.00926985,-0.0500024,-0.05911,0.001393559,,,,,,,,,,,,,,,,
1973,1014.553136,1347.415805,1406.552254,1756.73622,4.9333,468.3593121,1.634175,1.156,394.0377199,34.6825,4.957860703,,,,,,0.56926885,0.5687581,0.5286473,0.497353027,,,,,,,,,,,,,,,,
1973.25,1015.455751,1349.387948,1406.857851,1757.375505,4.9333,468.5514387,1.954175,1.512,394.1309926,34.1,5.085078039,,,,,,0.66346977,0.6627217,0.5815276,0.677691584,,,,,,,,,,,,,,,,
1973.5,1014.662979,1346.08158,1407.452614,1757.468671,4.8,469.9616356,2.64,1.89,393.1570698,33.0375,5.271682301,,,,,,-0.1379882,-0.1358653,-0.2387917,-0.020128272,,,,,,,,,,,,,,,,
1973.75,1015.346776,1347.490017,1407.544109,1757.977697,4.7667,470.2659807,2.499175,1.969,392.5077425,33.3425,5.278433304,,,,,,-1.1080757,-1.106653,-1.189948,-1.132525739,,,,,,,,,,,,,,,,
1974,1014.309483,1342.023956,1408.2733,1757.564551,5.1333,470.5087917,2.330825,1.884,392.3042072,32.545,5.420292819,,,,,,0.7276556,0.7302715,0.7318664,0.521694631,,,,,,,,,,,,,,,,
1974.25,1014.356688,1342.44781,1408.708855,1757.225805,5.2,469.7557918,2.8125,2.35,392.0407755,33.2275,5.418767753,,,,,,1.0582328,1.056691,0.9913459,1.143914927,,,,,,,,,,,,,,,,
1974.5,1013.130019,1338.939672,1408.638268,1756.78721,5.6333,470.6986428,3.0225,2.858,390.9740402,31.7875,5.464275518,,,,,,-0.54251636,-0.540933,-0.6221972,-0.718589721,,,,,,,,,,,,,,,,
1974.75,1012.470926,1336.338771,1407.595298,1754.796835,6.6,469.5431277,2.336675,2.902,391.8561582,33.0775,5.411663234,,,,,,-0.17601167,-0.176415,-0.3070521,-0.439098362,,,,,,,,,,,,,,,,
1975,1011.054237,1325.469465,1407.894571,1752.662759,8.2667,468.531135,1.575825,2.241,392.6458313,35.5,5.307538,,,,,,-0.60945371,-0.6107861,-0.6043138,-0.682713853,,,,,,,,,,,,,,,,
1975.25,1011.58128,1325.130701,1408.798972,1752.55006,8.8667,467.4901451,1.355,1.486,394.301767,36.79,5.269107679,,,,,,-0.33116529,-0.3328659,-0.2432384,-0.17144422,,,,,,,,,,,,,,,,
1975.5,1012.922773,1331.143957,1409.384319,1753.460484,8.4667,466.5512415,1.54,1.765,395.4277573,36.2225,5.310388145,,,,,,-0.1802546,-0.1783914,-0.192966,-0.419263727,,,,,,,,,,,,,,,,
1975.75,1014.006052,1333.053687,1409.896712,1754.177333,8.3,466.6585084,1.353325,1.653,395.523574,35.1825,5.268699153,,,,,,-0.20080652,-0.2030073,-0.2928912,-0.494468336,,,,,,,,,,,,,,,,
1976,1016.022061,1340.67116,1411.146433,1755.81567,7.7333,465.9421601,1.206675,1.034,396.9857857,35.2575,5.263740661,,,,,,-0.79870315,-0.7982562,-0.8150342,-0.712422514,,,,,,,,,,,,,,,,
1976.25,1016.562102,1343.518996,1411.686474,1755.579761,7.5667,465.7458985,1.299175,1.011,397.9419937,36.1025,5.318938167,,,,,,-0.19628434,-0.1973201,-0.1452676,-0.11158241,,,,,,,,,,,,,,,,
1976.5,1016.811848,1344.148249,1412.702507,1755.785157,7.7333,466.2438594,1.320825,1.281,398.1231854,35.9275,5.340416256,,,,,,-0.16406607,-0.1626259,-0.205499,-0.189973122,,,,,,,,,,,,,,,,
1976.75,1017.29802,1345.012493,1413.569632,1756.035924,7.7667,466.2193035,1.218325,1.757,398.4473891,36.8825,5.288747288,,,,,,-0.1420563,-0.1394514,-0.2118412,-0.330644341,,,,,,,,,,,,,,,,
1977,1018.221717,1348.910387,1414.303034,1756.76464,7.5,466.0529204,1.165,1.596,399.0501413,37.4675,5.360515916,,,,,,-0.40944483,-0.4087758,-0.4797344,-0.428815774,,,,,,,,,,,,,,,,
1977.25,1019.92494,1353.501897,1414.856819,1757.974118,7.1333,466.0396735,1.289175,1.393,399.4782021,37.0675,5.374904789,,,,,,-0.24522328,-0.2469198,-0.3274969,-0.269588213,,,,,,,,,,,,,,,,
1977.5,1021.398242,1356.738914,1415.75041,1758.245381,6.9,465.6727945,1.455,1.224,400.467511,38.57,5.308556655,,,,,,-0.13594057,-0.134786,-0.2129834,-0.17920743,,,,,,,,,,,,,,,,
1977.75,1021.122957,1357.160496,1416.054836,1759.320689,6.6667,466.9327384,1.628325,2.149,399.1757973,37.535,5.334003193,,,,,,-0.19597303,-0.1965102,-0.2208928,-0.285830704,,,,,,,,,,,,,,,,
1978,1021.236834,1356.926546,1417.318151,1759.071977,6.3333,468.6399881,1.689175,1.479,399.2404117,38.19,5.400597438,,,,,,-0.05723155,-0.0573382,-0.1508405,-0.248332353,,,,,,,,,,,,,,,,
1978.25,1024.796339,1362.895806,1418.565414,1761.41792,6,466.2967285,1.820825,1.813,401.1832141,38.2475,5.43189539,,,,,,-0.04148069,-0.0431148,-0.1444739,-0.134151028,,,,,,,,,,,,,,,,
1978.5,1025.477803,1363.916829,1419.246878,1761.274518,6.0333,466.0718415,2.025,1.659,401.186834,38.18,5.463812961,,,,,,-0.36178727,-0.3622698,-0.4080551,-0.248805524,,,,,,,,,,,,,,,,
1978.75,1026.517491,1365.968331,1419.503784,1761.796265,5.9,465.79334,2.395825,2.08,401.8147229,37.98,5.526763713,,,,,,0.25913838,0.2603568,0.2322706,0.215316919,,,,,,,,,,,,,,,,
1979,1026.461756,1365.239192,1420.035709,1762.02258,5.8667,467.9312443,2.518325,1.772,400.9186013,38.0225,5.586349922,,,,,,-0.01890217,-0.0172532,-0.0999674,-0.133071205,,,,,,,,,,,,,,,,
1979.25,1026.322281,1364.421748,1420.674448,1761.499053,5.7,467.5460882,2.545,2.39,400.6423681,39.0225,5.624579604,,,,,,0.04108413,0.0391264,-0.0272534,0.026893615,,,,,,,,,,,,,,,,
1979.5,1026.736649,1363.466232,1421.668528,1762.076976,5.8667,467.8058128,2.736675,2.114,400.5349401,37.625,5.636937802,,,,,,0.85842991,0.8605912,0.8895471,0.87781184,,,,,,,,,,,,,,,,
1979.75,1026.684512,1361.674921,1422.575171,1762.314087,5.9667,468.4849751,3.394175,1.975,400.4474558,37.7175,5.647469762,,,,,,0.04493795,0.0449353,0.0993315,0.101576681,,,,,,,,,,,,,,,,
1980,1026.726223,1360.303181,1423.187769,1761.293855,6.3,468.3223223,3.761675,2.058,400.9204161,39.675,5.665333835,,,,,,1.6080407,1.607087,1.813551,1.864640079,,,,,,,,,,,,,,,2.542549369,
1980.25,1024.398738,1350.59227,1422.366904,1759.259889,7.3333,469.1879851,3.171675,2.172,399.8310787,38.7075,5.581666988,,,,,,-3.9847327,-3.986086,-4.058774,-3.991197769,,,,,,,,,,,,,,,-5.947250119,
1980.5,1023.94954,1346.633939,1422.847944,1759.154461,7.6667,469.7220513,2.459175,2.275,400.1662592,38.1575,5.653375018,,,,,,0.97584303,0.9786537,1.164973,1.03672962,0.122011809,-0.002756345,,,,,,,,,,,,,0.812723119,
1980.75,1025.512985,1352.469879,1423.481151,1759.792025,7.4,469.2209896,3.963325,2.725,401.2754825,37.77,5.684162642,,,,,,2.4553966,2.455448,2.474537,2.393568522,0.107059835,-0.000625301,,,,,,,,,,,,,0.342012256,
1981,1027.356725,1359.499966,1423.438042,1760.727816,7.4333,467.1341748,4.1425,2.467,402.9503773,38.8675,5.623056277,,,,,,-0.47610583,-0.4765787,-0.4291963,-0.55480898,-0.095539764,-0.045805063,,,,,,,,,,,,,0.231073041,
1981.25,1026.399016,1355.611645,1423.616709,1759.802427,7.4,468.0926798,4.445,1.858,401.6941423,37.905,5.603291659,,,,,,1.5149078,1.514498,1.525954,1.515757635,0.140350982,0.050853711,,,,,,,,,,,,,2.026216907,
1981.5,1027.266896,1359.410138,1423.157555,1758.88001,7.4,467.3183912,4.394175,1.783,402.5351691,39.795,5.60235794,,,,,,-0.65150372,-0.6473487,-0.7218544,-0.791033918,0.306502274,0.075790922,,,,,,,,,,,,,2.091507875,
1981.75,1025.832581,1354.67277,1422.861772,1758.248303,8.2333,468.1973807,3.396675,1.856,401.3441763,39.3025,5.540255535,,,,,,-0.83024832,-0.8308354,-0.8630374,-0.883451894,-0.437647673,-0.11242426,,,,,,,,,,,,,-1.107877568,
1982,1023.931673,1347.799518,1422.830077,1757.099901,8.8333,470.0643989,3.556675,1.39,400.6223479,39.64,5.524663796,,,,,,0.58638753,0.5867098,0.612453,0.609108647,0.155129861,0.072936101,,,,,,,,,,,,,1.619132222,
1982.25,1024.256354,1347.336794,1422.783701,1757.440046,9.4333,469.5120573,3.628325,1.197,400.8296358,39.0325,5.499464073,,,,,,-0.05561013,-0.0564761,-0.0891476,-0.086472969,0.248523118,0.058389163,,,,,,,,,,,,,1.264484377,
1982.5,1023.638197,1345.924981,1423.641585,1757.174318,9.9,469.640845,2.751675,1.43,401.0201794,38.5,5.477171017,,,,,,-0.40750841,-0.4078322,-0.4359074,-0.43070476,-0.451037736,-0.1217244,,,,,,,,,,,,,-2.258943545,
1982.75,1023.491135,1340.878981,1424.949095,1756.450753,10.6667,469.1109322,2.321675,1.104,401.9261756,38.685,5.434966745,,,,,,0.53300493,0.5335374,0.4530183,0.344234839,-0.206633244,0.001976585,,,,,,,,,,,,,-0.480158613,-0.01192331
1983,1024.590636,1341.978482,1425.686931,1756.711531,10.3667,468.447108,2.163325,0.805,403.2486889,38.4775,5.470296453,,,,,,0.32963756,0.3304234,0.3403285,0.238891424,-0.016447733,-0.048111793,,,,,,,,,,,,,-0.057999572,0.047269464
1983.25,1026.639305,1349.323704,1427.008324,1758.146155,10.1333,466.7741148,2.200825,0.674,405.5257174,38.2725,5.516016914,,,,,,-0.01874941,-0.0184573,-0.0370014,0.156412163,0.293869427,0.053661736,,,,,,,,,,,,,0.396965227,0.027573794
1983.5,1028.332711,1353.757008,1428.519082,1759.904934,9.3667,465.433171,2.365,1.042,406.2423806,37.09,5.57014984,,,,,,-0.24233576,-0.2432183,-0.1983932,-0.033345055,0.143387132,0.004492057,,,,,,,,,,,,,0.236073919,-0.008880753
1983.75,1030.139081,1360.827751,1429.222499,1760.656365,8.5333,465.4579206,2.3575,0.733,406.7247394,37.175,5.594608996,,,,,,0.32599049,0.3265825,0.2766463,0.28628771,0.122816593,0.039713177,,,,,,,,,,,,,0.456338293,-0.028557156
1984,1031.913399,1367.603111,1429.881564,1761.763576,7.8667,466.0444047,2.421675,1.059,406.8889993,38.025,5.638464069,,,,,,0.15644843,0.1555654,0.1515853,0.138007092,0.068766164,-0.002958859,,,0.003333333,0,-0.003763433,,,0.005,,,-0.024224467,,0.209455957,-0.010537669
1984.25,1033.452294,1369.836453,1431.045927,1763.31501,7.4333,465.5074016,2.639175,0.838,407.5076792,38.765,5.664885342,,,,,,0.17324327,0.173155,0.1376575,0.150463376,0.415691362,0.102607424,,,0.01,0.013333333,0.007096767,,,0.01,,,0.004062233,,1.808412146,-0.016989996
1984.5,1034.190376,1370.574536,1431.784009,1762.652061,7.4333,465.6556976,2.8475,0.807,407.9332442,39.2575,5.616554946,,,,,,0.26552891,0.2640372,0.2864533,0.34254513,0.030201111,0.010696274,,,0,0,0,,,0,,,-0.012832533,,0.246030244,0.08362633
1984.75,1034.740385,1370.081056,1432.521459,1762.985636,7.3,465.8436034,2.316675,0.669,407.9941332,39.4825,5.584468287,,,,,,-0.6539676,-0.653407,-0.7383595,-0.643581824,-0.368920345,-0.103388856,,,-0.070215067,-0.0731183,-0.062903233,,,-0.223333333,,,0.0105306,,-1.985589096,-0.342131203
1985,1035.545449,1368.049051,1433.88675,1763.612646,7.2333,465.6718448,2.119175,1.144,408.161387,40.5925,5.538925465,,,,,,0.0435235,0.0424604,0.0938688,0.012122711,0.154098355,0.069167128,,,-0.156989233,-0.144623633,-0.1336559,,,-0.006666667,,,-0.0189596,,0.089303812,0.011963139
1985.25,1036.246183,1369.108852,1434.959231,1763.065268,7.3,465.6081908,1.980825,0.617,408.4984224,40.39,5.523270734,,,,,,-0.10394844,-0.104486,-0.1474005,-0.04069756,-0.342262186,-0.081138198,,,-0.1227957,-0.1355914,-0.143440867,,,-0.12,,,0.007634967,,-1.195379527,-0.059734845
1985.5,1037.530204,1369.673445,1436.243252,1763.702307,7.2,465.0774328,1.975,0.578,409.7688963,41.065,5.460485808,,,,,,0.24662485,0.2457843,0.2540045,0.349415709,0.195155258,0.060141424,,,0.005555533,-0.0122222,-0.001666667,,,0.006666667,,,-0.0052037,,0.329103984,0.066675704
1985.75,1038.028058,1370.890727,1437.111477,1763.787804,7.0333,466.3269268,2.025825,0.577,410.2031608,40.83,5.447466616,,,,,,0.05537063,0.055349,0.0780944,0.162601064,-0.124650649,-0.044965043,,,-0.0003943,0.005555567,0.005,,,-0.003333333,,,0.017267133,,-0.605022567,-0.000505288
1986,1038.754817,1371.258419,1437.838235,1763.933449,7.0333,466.1172376,1.956675,0.487,411.3738609,41.765,5.420141405,,,,,,-0.10995812,-0.1095687,-0.092363,-0.123416801,0.019418459,0.076641184,,,0.0068817,0.008709667,0.010107533,,,0.01,,,0.004935567,,0.170565162,-0.002004336
1986.25,1039.001024,1371.144265,1437.714072,1763.849632,7.1667,466.3410792,1.73,0.399,412.1408345,42.5725,5.372526349,,,,,,0.28262134,0.2821973,0.2789763,0.281421067,-0.087992853,-0.031606971,,,-0.004931867,0.011734767,0.014114667,,,-0.006666667,,,0.000479,,-0.590697416,0.030454046
1986.5,1039.754335,1371.897576,1438.281681,1763.83358,6.9667,466.9693082,1.551675,0.403,412.6230751,42.69,5.368260878,,,,,,-0.40039002,-0.4034524,-0.3884781,-0.200234543,-0.071990723,0.028007005,,,-0.008666667,-0.009444433,-0.015,,,-0.013333333,,,-0.005854533,,-0.437724276,-0.126960766
1986.75,1040.031567,1371.085868,1439.114985,1764.287339,6.8333,468.1325347,1.566675,0.556,412.3790089,42.3375,5.420065651,,,,,,-0.06065667,-0.0602143,-0.0200735,0.193553412,0.066438652,0.036976741,,,-0.0051111,-0.009279567,-0.002555533,,,0,,,0.0155461,,-0.174807567,0.041799582
1987,1040.535315,1370.857013,1440.171731,1765.152708,6.6,468.4609635,1.555,0.723,411.887456,41.295,5.427738889,,,,,,0.36685299,0.3670341,0.4283997,0.440608759,0.000653576,-0.001668174,,,3.33E-08,-0.001720433,-3.33E-08,,,0,,,0.008149633,,-0.207419559,0.034284787
1987.25,1041.439317,1371.761015,1441.259387,1765.59338,6.2667,467.9173153,1.6625,0.668,412.6053156,42.365,5.495241123,,,,,,0.23837619,0.2387692,0.2585374,0.269893183,0.05583506,0.002052797,,,-0.013333367,-0.0166667,-0.036666633,,,-0.013333333,,,0.010434933,,-0.067463201,0.044313763
1987.5,1042.097096,1372.785767,1441.917167,1765.9344,6,468.1325347,1.710825,0.723,412.6279181,42.7425,5.537703973,,,,,,-0.20870671,-0.2116506,-0.1605985,0.013639376,0.124072191,0.029264693,,,0.0431111,0.061333333,0.059,,,0.053333333,,,-0.002146867,,0.755782653,-0.067785082
1987.75,1043.485083,1375.988685,1442.568501,1766.584991,5.8333,468.0685738,1.729175,0.824,413.4862511,42.8275,5.54108506,,,,,,-0.26547176,-0.2649809,-0.1958912,-0.143398839,-0.202649855,-0.082344914,,,0.011835133,0.0785591,0.1106774,,,0.003333333,,,0.0075222,,-1.531817223,-0.038399719
1988,1043.84593,1373.429616,1443.849318,1766.042294,5.7,468.7708239,1.665825,0.783,413.829765,44.2675,5.558222413,,,,,,-0.20625113,-0.2071779,-0.0883626,-0.087759782,-0.191618675,-0.03419464,,,-0.0051613,0.000322567,0.0072043,,,-0.01,,,-0.004686033,,-0.713834159,-0.00136361
1988.25,1044.952587,1374.536273,1444.772657,1766.887038,5.4667,468.7956818,1.789175,0.962,414.1021384,44.53,5.599872035,,,,,,0.49598352,0.4957365,0.5805244,0.446854505,0.145885437,0.064217448,,,0.021215067,0.0261183,0.019784933,,,0.026666667,,,-0.004842233,,0.400986965,0.07672394
1988.5,1045.267775,1373.734132,1445.636795,1766.829564,5.4667,468.5957232,1.995825,1.171,414.3959783,44.9675,5.630390987,,,,,,-0.24878885,-0.2482354,-0.2102174,-0.2157582,0.150225277,0.053168796,,,0.054555567,0.072555533,0.0588889,,,0.05,,,0.0078487,,0.704168818,-0.013876609
1988.75,1046.333189,1375.173377,1446.702208,1767.585029,5.3333,467.9609532,2.1175,0.799,414.7853733,44.9625,5.620803103,,,,,,0.43647347,0.4349482,0.4447969,0.502637071,0.254345283,0.053468774,0.04013115,,0.007240133,0.0150896,0.0099283,,,0.02,,,0.012322967,,0.851451118,0.111361132
1989,1047.138325,1376.722012,1447.141714,1768.319106,5.2,467.7714078,2.360825,1.093,414.6494157,44.6625,5.654528669,,,,,,0.35826997,0.359073,0.3247353,0.343424727,0.168113085,0.062131111,0.0460412,,0.020215033,0.028709667,0.033870967,,,0.006666667,,,-0.030934967,,0.86515569,0.049996606
1989.25,1047.694989,1375.786111,1447.88136,1768.555627,5.2333,466.5813631,2.431675,1.029,415.0236434,44.205,5.645186655,,,,,,0.15339881,0.1532258,0.1436368,0.144772838,-0.186616277,-0.024054078,-0.0319275,,-0.023010733,-0.022688167,-0.020465933,,,-0.023333333,,,-0.0029011,,-0.83695677,0.011357783
1989.5,1048.161662,1375.118556,1448.16505,1768.404796,5.2333,466.2721856,2.270825,0.722,415.5329903,44.7325,5.624541882,,,,,,-0.06433405,-0.0658207,-0.0522432,-0.068152702,0.020121025,0.009530307,-0.0126378,,-0.023333333,-0.023333333,-0.025555533,,,-0.02,,,-0.014053233,,0.353913444,-0.035686934
1989.75,1048.102745,1373.140195,1449.017717,1768.190833,5.3667,467.1163898,2.153325,0.693,415.5674817,44.5225,5.592468819,,,,,,-0.04538395,-0.0476305,0.0367206,0.060007257,-0.124398588,-0.047138404,-0.120678067,,-0.0172043,-0.015913967,-0.009247333,,,-0.023333333,,,0.002288933,,-0.769371285,-0.016530844
1990,1048.963398,1374.387695,1449.514733,1768.832167,5.3,467.2595162,2.0625,1.098,416.404163,44.7275,5.571266255,-0.0133,0,,,,0.21912675,0.2170083,0.2577399,0.164037098,0.207470319,0.041964434,-0.039211933,-0.007526867,-0.000322567,-0.0016129,-0.002043033,-0.005,-0.02,0,-0.002458333,-0.011087867,-0.008562767,,0.321384629,0.028351443
1990.25,1049.038493,1372.118933,1450.134789,1767.926077,5.3333,467.47802,2.060825,1.026,417.1614198,44.8975,5.619074663,0,0,,,,0.04396574,0.0434029,0.0448875,0.035841496,-0.008246751,-0.02029349,0,-0.005806467,-0.0124731,-0.012473133,-0.015376333,0,0,-0.006666667,0.001319433,0.0073713,-0.0082155,,-0.018567427,0.002405252
1990.5,1048.709885,1369.79425,1451.066323,1766.874391,5.7,467.6280813,2.04,0.889,417.4648774,44.9275,5.612947789,-0.0333,0,,,,0.0840415,0.082463,0.07195,0.145853713,-0.041045186,-0.030202249,-0.045923333,-0.033333333,-0.01,-0.006666667,-0.01,-0.026663333,-0.033333333,-0.01,0.004343733,0.0113636,0.013355333,,-0.374297798,0.015986134
1990.75,1047.500368,1364.047873,1450.924432,1766.316391,6.1333,468.4267832,1.935825,0.754,416.5858697,44.805,5.572665777,-0.07,0,,,,-0.29553415,-0.2959641,-0.1521085,-0.160042268,0.100958684,0.1080401,-0.056674833,-0.0399967,-0.020107533,-0.017419367,-0.0083871,-0.053333333,-0.069996667,-0.043333333,-0.0140458,0.002522933,-0.007043,,0.510545177,0.009516144
1991,1046.723764,1360.707026,1449.97068,1765.229835,6.6,467.9572401,1.606675,0.992,416.8462058,45.2425,5.545991742,-0.1233,0,,,,-0.02418447,-0.0246575,0.0402715,-0.07269684,-0.095850869,-0.050838391,-0.122218567,-0.144731167,-0.111075233,-0.086559167,-0.0601075,-0.063333333,-0.123333333,-0.096666667,-0.003380033,0.0050167,-0.001881933,-0.033281767,0.053260944,-0.006674918
1991.25,1047.177988,1359.854041,1450.424903,1764.755782,6.8333,467.6597425,1.465825,0.683,418.4535601,45.845,5.52725597,-0.07,0,,,,0.26233321,0.2621248,0.2334903,0.308570205,-0.136386729,-0.088697374,-0.061159967,-0.078602133,-0.078817233,-0.069354833,-0.0715054,0.003333333,-0.07,-0.07,0.0124409,-0.000523067,0.006482667,-0.020778467,-0.613430626,0.02894727
1991.5,1047.299709,1360.849131,1450.546625,1764.748795,6.8667,467.3501505,1.410825,0.732,419.1682987,45.65,5.495376229,-0.0233,-0.007,,,,0.06374891,0.0632367,0.0716177,0.196921717,-0.132852743,-0.005019315,-0.0312547,-0.023333333,-0.030000033,-0.016,-0.02,-0.046666667,-0.023333333,-0.03,0.017298367,0.018294033,0.0190904,0.0480148,-0.501050629,0.033939688
1991.75,1047.393023,1361.808251,1450.639939,1764.065121,7.1,467.746294,1.204175,0.538,419.7502654,45.455,5.490116102,-0.1367,-0.0463,,,,-0.04273797,-0.0422805,0.0067029,0.138958855,-0.181889269,-0.004503416,-0.094050467,-0.0868817,-0.075913967,-0.0571183,-0.043010733,-0.073333333,-0.136666667,-0.133333333,0.007308567,0.008333467,0.0046255,-0.0285941,-0.691191888,-0.050778829
1992,1048.273789,1360.949842,1452.227421,1764.272753,7.3667,468.1992329,1.005825,0.428,421.6812901,47.9725,5.47452949,0,-0.0013,,,,-0.13034497,-0.1301135,-0.0160252,-0.117093477,0.080823735,0.000303198,-0.061924833,-0.049784933,-0.060752667,-0.053548367,-0.036989267,0.003333333,0,-0.003333333,0.0013008,0.001873067,0.003298467,0.007702033,0.312316492,0.03729939
1992.25,1049.038493,1363.883829,1452.462557,1764.43187,7.6,467.8225461,0.9425,0.636,422.5197371,47.6375,5.503882779,-0.0633,-0.0207,,,,0.14817133,0.1483289,0.1536554,0.16071476,-0.166053505,-0.046738966,-0.067979967,-0.063336733,-0.076666667,-0.07,-0.0766667,-0.046666667,-0.063336667,-0.076666667,0.001838267,0.008425733,0.0096322,-0.046121867,-0.467816706,-0.000375381
1992.5,1049.637231,1364.482567,1453.414652,1764.237629,7.6333,467.6513626,0.814175,0.475,423.4236931,47.76,5.505134811,-0.0933,0.008,,,,-0.09037669,-0.0905087,-0.0479476,0.035110294,-0.136837052,-0.011908147,-0.019896667,-0.093666667,0.0003333,0.007,0.010666633,-0.023333333,-0.093333333,0,-0.023741167,-0.078228567,0.0133263,-0.090461667,-0.785859617,-0.041621907
1992.75,1050.287335,1366.412007,1454.064756,1764.251089,7.3667,467.049902,0.759175,0.674,424.0520672,47.6,5.47696786,0,0.0007,,,,-0.44124412,-0.4403396,-0.2830335,-0.349553384,0.000412401,0.000254724,-0.0129153,0.002698967,0.0020323,0.002032267,-0.0012043,-0.003336667,0,0,-0.008530433,0.028232867,0.007778833,0.037792967,0.236530787,-0.016904583
1993,1050.180194,1367.56804,1454.309728,1764.498866,7.1333,466.2580235,0.76,0.567,423.2612636,45.795,5.474355237,-0.0067,0.0013,,,,0.03154362,0.0320153,0.0629891,0.029638072,-0.119694996,-0.035072445,0.009161933,-0.009032267,-0.0023656,0.000967733,-0.0060215,-0.003333333,-0.006666667,0,-0.014069133,0.00000773,-0.000340567,-0.002127867,-0.382690043,-0.021281405
1993.25,1050.46839,1368.273773,1454.597925,1765.195753,7.0667,467.049902,0.75,0.606,422.6848344,45.2925,5.460231765,-0.0067,-0.005,,,,0.33470071,0.3347189,0.324682,0.357529469,0.019744244,0.018536472,-0.00861,-0.006666667,-0.006666667,-0.006666667,-0.0001075,-0.003333333,-0.006666667,-0.006666667,-0.002528233,-0.002975767,-0.002495167,0.004786067,0.256468544,0.042776616
1993.5,1050.613546,1368.418929,1455.268936,1765.160365,6.8,466.364662,0.765,0.601,422.8846317,44.37,5.462333087,0.0067,0.0033,,,,0.21247298,0.2124604,0.2725431,0.260184472,-0.114246996,-0.016808682,0.008986633,0.004333333,0.003333333,-0.001,0.004666633,0.006666667,0.006666667,0.003333333,0.003575767,0.0157671,0.0045852,0.032557567,-0.053661887,-0.00547804
1993.75,1051.62107,1371.895715,1455.574703,1765.728267,6.6333,466.2268598,0.7475,0.52,423.3976061,45.3375,5.487001582,-0.0033,-0.004,,,,-0.25043579,-0.24988,-0.1834657,-0.191399963,-0.081622725,-0.033258755,0.007693367,0.001258067,0,-0.002333333,-0.013268767,0.003333333,-0.003333333,0,-0.017331667,-0.020665567,-0.020378867,-0.008658033,-0.29860094,-0.057366017
1994,1052.328417,1374.615201,1456.282049,1765.716592,6.5667,464.9301897,0.803325,0.483,423.7593173,44.4175,5.525048046,0,0.0027,,,,0.53727095,0.5374958,0.5886676,0.5202316,0.091623933,0.025695508,0.054442267,-0.002258067,0.044623667,0.041290333,0.029892467,0.046666667,0,0.033333333,0.038274067,0.007851233,0.0236068,-0.015418267,0.708188835,0.06869296
1994.25,1053.393452,1377.652687,1456.640368,1766.701029,6.2,465.2196891,0.985,0.497,423.7564288,44.21,5.54306912,0.0567,-0.0153,,,,0.28719449,0.2875828,0.3189584,0.36233842,0.101439804,0.037004727,0.086907733,0.056666633,-0.007956967,-0.004623633,-0.004623633,0.03667,0.056666667,0.003333333,0.0069422,0.0126305,-0.027230833,0.063898033,1.075226592,0.092360788
1994.5,1053.659275,1376.739715,1457.260174,1767.222909,6,465.1271023,1.121675,0.54,423.2206149,44.09,5.575586769,-0.01,-0.0027,,,,0.52816472,0.5284312,0.5814388,0.714354218,0.119786946,0.029914224,0.0207967,-0.0013333,0.0091111,0.0062222,0.003333333,0,-0.01,0.003333333,-0.004667467,0.005155133,0.004957267,-0.0074112,0.710818509,0.055151636
1994.75,1054.481498,1380.291152,1457.728414,1767.580169,5.6333,464.319788,1.291675,0.549,424.3942035,44.8725,5.618419154,0.01,-0.002,,,,0.30080592,0.3019767,0.3894201,0.418633791,0.244679774,0.060026954,-0.015091667,0.011548367,0.008845867,0.008401433,0.012580667,-0.006666667,0.01,0.016666667,-0.0211606,-0.004340767,-0.0026158,0.011468167,1.287145022,0.107332125
1995,1054.555194,1379.592643,1457.979258,1767.061807,5.4667,464.4804275,1.4525,0.572,424.3999437,45.1275,5.658137445,0.0067,0.016,0.0238735,-0.0319522,0.219239592,0.74217244,0.742304,0.7535121,0.717240033,-0.141713179,-0.022535979,-0.025748467,-0.009354833,0.019569867,0.022903233,0.0249462,0.023336667,0.006666667,0.023333333,0.027814733,0.015989567,0.026181867,-0.001598,-0.074132973,0.089363614
1995.25,1054.620948,1377.701388,1458.750482,1765.94419,5.6667,464.3534764,1.505,0.439,424.8852321,46.16,5.66943341,0,0.0007,-0.052524267,0.050220763,-0.138414217,0.20918393,0.2095426,0.2281154,0.157238114,-0.126474076,-0.025448482,-0.002899897,0.005806433,0.0024731,0.0024731,0.005806433,0,0,-0.003333333,0.0118858,0.0122964,0.010723467,0.005680533,-0.53583923,0.011649523
1995.5,1055.150661,1377.83506,1459.104293,1766.656554,5.6667,464.5937779,1.449175,0.474,424.8723787,46.3125,5.678942848,-0.04,-0.0253,0.021266767,-0.039099563,-0.148471127,-0.0717443,-0.0714447,0.0352156,0.032117803,-0.06969596,-0.020293337,-0.0240561,-0.048333333,-0.066666667,-0.062222233,-0.063888867,-0.026666667,-0.04,-0.05,-0.002181667,-0.0151766,-0.019191567,-0.027427233,-0.212808269,-0.036955267
1995.75,1055.552624,1379.420469,1459.506256,1766.30767,5.5667,464.528473,1.43,0.492,425.5016788,46.5775,5.681468561,-0.0167,0.0027,-0.063405767,-0.00241752,0.091069033,-0.11845569,-0.1181902,-0.013886,-0.164964502,0.032221342,0.018202334,0.009028167,0.0013441,0.022473167,0.024695333,0.018297467,-0.005,-0.016666667,0,0.0134627,0.000365067,0.005907633,-0.003204733,-0.15509639,-0.063939212
1996,1055.955572,1380.214808,1460.085107,1766.053327,5.5333,464.7971021,1.340825,0.54,426.0324994,48.145,5.656419072,-0.0033,-0.004,0.027068267,-0.05437105,0.004364387,0.12977887,0.1295553,0.1398095,0.121883922,0.023867115,-0.025674731,-0.026856867,-0.015699533,-0.011828,-0.0145161,-0.020430067,0,-0.003336667,-0.003333333,0.0075707,-0.001051267,0.0032517,0.000757533,-0.093525186,-0.042164514
1996.25,1057.403119,1383.212772,1461.18054,1766.756637,5.5,464.2812731,1.310825,0.379,427.0578181,47.455,5.717111851,0,0.004,-0.006178267,0.0050758,0.025744163,-0.02691964,-0.0268014,0.0037818,-0.019197248,0.046430918,-0.001214326,0.002684827,0.002685467,0.009354833,0.008709667,0.009354833,0,0,0.006666667,-0.002185167,-0.003472967,0.001906133,0.006087167,0.055570719,-0.016752467
1996.5,1057.999709,1385.33611,1461.600608,1767.379599,5.2667,464.3188253,1.326675,0.282,427.4427504,47.45,5.740109577,-0.0533,-0.0097,0.033245233,-0.1528371,0.244983595,-0.14774214,-0.1483107,-0.0270068,0.015594675,0.023478459,-0.008356191,-0.04272,-0.0201111,-0.013666633,-0.0021111,-0.0062222,-0.03333,-0.053333333,-0.036666667,-0.031050267,-0.0450943,-0.0410038,-0.0316852,0.081751203,-0.044341833
1996.75,1058.731645,1385.307586,1462.155709,1767.509551,5.3333,464.294755,1.32,0.507,427.5679521,47.9175,5.668565396,-0.0067,-0.0063,0.096616233,-0.0993582,0.028333446,0.0184763,0.0202375,0.0862866,0.031971389,-0.123172005,-0.04462814,-0.034764467,-0.038168467,-0.0263333,-0.024555567,-0.032057367,-0.001666667,-0.006666667,-0.003333333,0.009226867,0.000453933,0.0038989,0.008691533,-0.16821368,-0.017569887
1997,1059.225013,1386.939487,1462.649077,1768.258702,5.2333,464.9474112,1.319175,0.619,427.5011974,47.4375,5.688050999,0.0133,0.026,0.021640233,-0.034121133,0.118386602,,0.0510779,0.1277924,0.157284464,0.04811738,-0.010402411,-0.007258067,0.0012903,0.008225833,0.012311867,0.013172033,-0.006666667,0.013333333,0.025,-0.003720867,0.018306633,0.0276421,0.0224978,0.085133701,0.007101287
1997.25,1060.437966,1388.904323,1463.151548,1768.133418,5,464.1280297,1.380825,0.27,428.8018107,48.1075,5.679849896,-0.03,-0.0043,0.011460033,-0.095677467,0.088751617,,0.0685378,0.103655,0.023278443,-0.052070021,-0.013510119,-0.022560767,-0.0196775,-0.0065592,0.001021533,0.000107533,-0.011666667,-0.03,-0.023333333,-0.0006915,-0.0175971,-0.017591833,-0.008210567,-0.196180351,-0.02473684
1997.5,1061.371306,1390.954993,1464.084888,1768.378253,4.8667,464.0247713,1.383325,0.356,429.645513,49.305,5.680953383,-0.0033,0.0033,-0.0724794,0.072408733,0.002739642,,-0.2541231,-0.1427021,0.11707586,-0.108509051,-0.066960025,-0.007129973,-0.003333333,0.003277833,0.004944433,0.005055567,-0.013333333,-0.003333333,0.001666667,-0.0013426,0.006498133,0.0079278,0.008538633,-0.69318951,-0.064942108
1997.75,1061.832284,1391.785656,1464.901737,1768.340896,4.6667,465.1452446,1.376675,0.332,430.0613196,49.0725,5.668355171,-0.0033,-0.009,-0.005883833,-0.000354253,-0.000473197,,-0.133993,-0.0718923,-0.024502244,0.043664133,0.022608905,-0.013886667,-0.001720433,-0.0124714,-0.013331533,-0.011776,-0.00833,-0.003333333,-0.011666667,-0.002412567,-0.0010004,-0.012560033,0.004540233,-0.131593935,-0.006891419
1998,1062.561084,1394.342661,1465.630538,1768.287974,4.6333,466.2410263,1.38,0.163,430.6103555,49.4875,5.58849534,0,0.0037,-0.0061391,-0.049390913,0.016175513,,-0.1241339,-0.0518049,0.203640538,0.020719198,0.004981808,-0.000107533,-0.0016129,0.004193533,0.005107567,0.006720433,-0.005,0,0.005,-0.0000634,0.006413633,0.010783467,0.003517433,0.259884895,-0.002099496
1998.25,1063.250851,1394.305152,1466.851749,1768.209039,4.4,466.8332761,1.375,0.209,431.2368363,50.7325,5.609616203,-0.0033,-0.0027,-0.005794467,0.01223747,-0.025931117,,-0.1320815,-0.0645189,-0.016699444,0.048530415,0.013881229,-0.011839133,-0.0033333,-0.005000033,-0.0033871,-0.005,-0.003333333,-0.003333333,-0.005,0.004351733,0.007647933,0.000107567,0.003484733,-0.074994296,-0.013841271
1998.5,1064.239651,1396.021228,1467.663714,1768.207345,4.5333,466.7797507,1.383325,0.373,432.6342134,51.825,5.563789153,0.03,-0.0007,-0.078764667,0.01135545,0.0385522,,-0.1496708,-0.04442,-0.093071475,-0.092525493,-0.018979823,0.0033678,0.008218833,-0.001555533,0.001888867,0.000333333,0.001666667,0.029996667,0,0.014316367,0.035810333,0.004221933,0.018054533,-0.678156152,-0.026228952
1998.75,1065.565807,1398.786258,1468.279389,1769.11204,4.4333,466.5399436,1.215,0.312,433.4620512,51.4775,5.493445025,-0.0833,-0.0527,0.006666833,-0.164571207,0.169321247,,-0.4011616,-0.3070178,-0.137904754,-0.060173925,-0.029379312,-0.0882511,-0.061555467,-0.095648767,-0.087426567,-0.090333333,-0.051666667,-0.083333333,-0.098333333,-0.0005275,0.0073187,-0.0070168,-0.085621667,-0.207563708,-0.029125249
1999,1066.108731,1400.394912,1469.000407,1768.639791,4.3,466.9167936,1.183325,0.499,434.5440448,52.8525,5.446780177,-0.0067,0.006,0.02787,-0.0535569,0.055764637,,-0.3629233,-0.2594593,-0.188000445,0.053201163,-0.006528767,0.0016516,-0.0004301,0.003333333,0.001666667,0.000913967,0.001666667,-0.006666667,-0.003333333,0.0033573,-0.002390167,-0.005188,-0.011715167,0.011363448,-0.021148358
1999.25,1066.655717,1400.587915,1469.902633,1768.668912,4.2667,466.6998789,1.186675,0.335,434.8534482,52.6225,5.430725636,-0.01,0.0103,-0.064289367,-0.015500133,0.15036957,,0.0633363,0.1483469,0.144408265,0.049473907,0.018596322,-0.007428233,0.006318967,0.031148733,0.039370967,0.042752733,-0.003333333,-0.01,0.008333333,0.004914833,-0.007726667,0.006879733,-0.0013771,0.406238898,0.025704264
1999.5,1067.588482,1402.578891,1471.012546,1768.625051,4.2333,466.392011,1.273325,0.361,435.7247143,52.8075,5.441786113,0.005,-0.0063,-0.0606883,0.0387929,-0.00975612,,0.2652121,0.2560746,0.112945588,0.088375003,0.030181201,0.001999933,-0.017555533,-0.030611133,-0.035499967,-0.047000033,0.005,0.005,0,0.0067199,-0.0003581,-0.0029108,-0.0023972,0.339250068,0.060314263
1999.75,1069.010231,1403.649145,1472.434295,1768.922272,4.0667,466.4221807,1.326675,0.457,437.3263349,54.3375,5.437500616,0.0317,0.05,0.0314017,-0.131931073,0.390235126,,-0.2993343,-0.1577558,0.289615953,0.026431663,-0.052849599,0.012927833,0.0327453,0.056989267,0.0624731,0.0592473,0.001666667,0.03167,0.066666667,-0.0070953,0.0116801,0.037878333,0.0425895,0.393927647,0.002328647
2000,1069.046655,1404.387327,1473.527066,1770.057696,4.0333,469.7530565,1.419175,0.762,436.8383996,54.25,5.417268783,-0.0017,0.0147,-0.0699786,0.020458253,0.109974,,-0.0402271,0.0232468,-0.025477348,0.125932615,0.065116453,-0.0218545,-0.000590233,0.009086033,0.009784933,0.019677467,-0.023333333,-0.001663333,-0.001666667,-0.022112567,-0.002568333,-0.003567,-0.0091201,0.817293169,0.051568357
2000.25,1070.669917,1407.3995,1474.447338,1769.910145,3.9333,467.5050663,1.568325,0.565,438.8083256,55.185,5.439977948,0.0183,-0.002,-0.0216996,-0.033057296,0.067413767,,0.3748848,0.3643079,0.358794836,0.03379315,0.014950447,0.002943267,0.020684633,0.014924667,0.018408633,0.0149086,0.006666667,0.01833,0.01,0.0115862,0.0078218,0.002466233,0.014263867,0.224358415,0.067220132
2000.5,1070.517519,1405.858191,1475.347581,1769.472288,4,468.8738977,1.63,0.646,438.7611013,55.3225,5.389797066,0.0017,0.0027,-0.010355933,0.0175,-0.073988997,,-0.0770716,-0.0592025,0.093925361,0.128757778,0.042092684,-0.0132366,-0.0028363,-0.001,0.001,-0.0005,-0.001666667,0.001666667,0.005,0.005332967,0.005659067,0.006810433,0.0051202,0.675454051,-0.011253609
2000.75,1070.819847,1405.458761,1476.172104,1769.328021,3.9,468.0221998,1.618325,0.535,439.7616971,56.4125,5.412280934,0.0067,0.01,-0.033805933,-0.031512637,0.067608133,,0.0808083,0.1229384,-0.139071075,-0.014212274,0.022763905,0.005697333,0.0076344,0.021129067,0.022096733,0.021666667,0.006666667,0.006666667,0.025,0.0404036,0.006784233,0.0333216,0.037741167,0.101422038,0.027413579
2001,1070.306468,1401.725068,1476.350769,1768.774337,4.2333,470.2623522,1.398325,0.626,439.3572227,56.5875,5.418251185,-0.065,0.019,-0.003201867,-0.164074088,0.058671917,,-0.4823846,-0.4464054,-1.012002956,-0.183248293,-0.078211135,-0.097755733,-0.050641833,-0.056182767,-0.0537097,-0.0566129,-0.108333333,-0.064996667,-0.073333333,-0.0786711,-0.053075433,-0.0440569,-0.0446659,-0.903209113,-0.105030586
2001.25,1070.60047,1400.553843,1476.299348,1767.412892,4.4,468.3408189,1.081675,0.704,441.0395409,57.53,5.435785046,-0.145,-0.0133,0.081178567,-0.180115667,0.101642733,,-0.6085982,-0.5562474,-0.69051136,-0.064027314,0.001630261,-0.1590616,-0.181989267,-0.1620573,-0.1783871,-0.165720467,-0.07,-0.145,-0.13,0.010107833,0.001267,-0.001843733,-0.126448267,-0.204241277,-0.065626659
2001.5,1070.022869,1399.235498,1476.239435,1766.899574,4.8333,467.8885224,0.874175,0.327,441.5606468,57.77,5.4491385,-0.0217,0.013,0.030429067,-0.112847367,0.149466767,,-0.1625399,-0.1289616,-0.047986841,0.000394033,0.022649731,0.035496633,0.015000033,0.005444367,0.003333367,0.002333333,0.001666667,-0.006666667,-0.013333333,0.011161333,-0.000355567,0.0005901,-0.008004867,-0.60655052,0.002409084
2001.75,1070.045406,1397.759879,1476.433942,1765.818299,5.5,467.2912943,0.533325,0.302,442.8218187,58.8675,5.357905327,-0.07,-0.024,-0.114725,-0.021868633,0.0345695,,-0.572334,-0.3825281,-0.665883807,-0.125987372,-0.093427481,-0.0642233,-0.0667742,-0.0891398,-0.105376433,-0.100376367,-0.053333333,-0.07,-0.096666667,-0.001309,-0.013612067,-0.031579733,0.002087167,-0.291584262,-0.024889293
2002,1070.743791,1398.834913,1476.61553,1765.780451,5.7,465.7250171,0.433325,0.32,445.0584412,60.265,5.372427365,-0.0083,-0.0207,0.020883167,-0.033228867,0.1750628,,-0.7321722,-0.5211734,-0.099140778,0.096018207,0.031685476,0.003887967,-0.0028494,-0.011344033,-0.013440833,-0.012473067,-0.005,-0.008333333,-0.018333333,-0.016624433,-0.022249167,-0.024752833,-0.020142067,0.291652733,0.020117966
2002.25,1071.072206,1399.163327,1477.460741,1766.112105,5.8333,466.0037087,0.4375,0.372,445.1132833,59.8575,5.395066096,-0.01,-0.0035,0.0330228,-0.055680767,0.048112167,,0.1427961,0.2081397,-0.137076962,-0.053181417,0.016586157,-0.0028513,-0.0159319,-0.027016167,-0.032571633,-0.035206167,0.005,-0.01,-0.008333333,0.0152951,0.008396167,-0.002906533,0.008468933,-0.327304116,-0.007838798
2002.5,1071.303904,1399.395026,1477.69244,1766.33182,5.7333,465.4274586,0.435,0.445,445.8779321,60.305,5.455371243,-0.015,-0.022,-0.052734367,0.020451233,0.2520668,,0.0176639,0.1041661,0.119838438,0.082194887,0.073280168,0.015908867,-0.016499967,-0.023277767,-0.053500033,-0.065944433,0.013333333,-0.015,-0.03,0.013201733,-0.0137935,-0.027443,-0.022285967,0.089848651,0.031350592
2002.75,1071.123493,1398.080387,1478.537679,1765.310959,5.8667,465.4836157,0.360825,0.54,445.7238462,60.1075,5.478685157,-0.025,-0.0197,-0.168142833,0.0713185,0.396214767,,-0.3608495,-0.2800267,-0.641210509,-0.157742201,-0.084838223,-0.061555533,-0.0272455,-0.022340533,-0.027530433,-0.028204267,-0.053333333,-0.025,-0.018333333,-0.0383982,-0.0032799,-0.0040339,-0.006362867,-0.498286386,-0.055073832
2003,1071.432888,1398.008829,1479.186632,1765.359836,5.8667,464.702205,0.3125,0.615,446.7389779,60.3125,5.518453611,0.0033,0.0086,0.069371,-0.0835,0.0423803,,-0.0525948,0.0202895,0.13359494,-0.2756458,-0.111902311,0.006920633,0.007956967,0.0141936,0.0224193,0.019946267,0.00333,0.003333333,0.01,0.004069233,0.001559433,0.014816067,0.0080625,-1.069358072,0.043678772
2003.25,1072.132718,1398.708659,1479.37669,1765.489129,6.1333,464.959847,0.311675,0.32,448.0638177,61.655,5.522007891,0.0217,-0.0095,-0.034148933,0.0441153,0.218403633,,-0.2802698,-0.2291566,-0.093767238,-0.033338234,-0.016892181,0.025755967,-0.009989267,-0.022741933,-0.028666633,-0.043075333,0.02,0.021666667,0.006666667,0.027454833,0.033348633,0.017994533,0.045160633,0.014342251,-0.03186455
2003.5,1073.546146,1401.637267,1480.448821,1764.952317,6.1333,463.9417011,0.254175,0.553,450.2173541,62.775,5.539123636,0,-0.0111,0.0501795,-0.0603285,-0.016895,,-0.3679172,-0.2717572,-0.124993268,-0.121923542,-0.035899316,0.037786733,0.028000033,0.0175,0.022833333,0.003666733,0.001666667,0,-0.01,-0.004739567,0.0000668,-0.0148182,-0.0066092,-0.539398973,-0.00013682
2003.75,1074.470985,1403.683614,1481.031194,1765.473949,5.8333,464.1993798,0.249175,0.473,451.1968781,62.3125,5.630030373,-0.0017,0.0049,0.023274567,-0.0266164,-0.065143867,,-0.4965423,-0.4209876,-0.284981957,0.016794041,0.007391904,0.00012,-0.0020968,-0.029596767,-0.0238978,-0.0256452,0,-0.001666667,-0.028333333,0.0020367,0.011740933,-0.0288329,0.014202967,-0.122929307,-0.073422626
2004,1074.849708,1404.062337,1481.752384,1765.56328,5.7,463.3203554,0.250825,0.869,451.1716282,62.3075,5.694137006,0,0.0301,-0.017176833,0.0029779,0.186907167,,-0.024637,-0.0369602,-0.237645344,-0.161076148,-0.033965992,0.001666633,0.001236633,0.026774167,0.052634333,0.071774133,0,0,0.016666667,-0.0000432,-0.006350167,0.009998767,-0.009308633,-0.237734621,-0.068002243
2004.25,1075.361711,1406.050382,1482.0933,1765.354074,5.6,463.6591331,0.2525,0.867,452.1060051,63.2,5.70655586,-0.005,0.0121,0.003001333,-0.054332633,-0.086855467,,0.037275,0.0292589,-0.142871546,0.060899668,0.031668846,-0.003882167,-0.002584233,-0.008344,-0.009847633,-0.009629033,-0.004996667,-0.005,-0.008333333,-0.008814333,-0.0093284,-0.011338867,-0.0048841,0.506426695,-0.043730149
2004.5,1076.017689,1407.436289,1482.920364,1765.392627,5.4333,464.3573257,0.358325,0.614,452.4654033,63.9175,5.684359767,0.01,-0.0006,-0.067049167,0.026217233,0.294791367,,0.4479468,0.4268591,0.489502788,-0.187027047,-0.076634468,0.000848833,0.008996633,0.003666667,0.0052778,0.0062778,0.001666667,0.009996667,0.01,-0.0008866,0.007701567,0.010797433,0.0042529,-0.168209999,0.077637245
2004.75,1076.629312,1409.132914,1483.702781,1765.455105,5.4333,463.612607,0.4875,0.699,452.7889494,64.5025,5.68652713,-0.005,-0.0143,-0.066445567,0.049294833,0.169693267,,0.3954168,0.4543044,0.404866959,-0.133268144,-0.070303176,-0.004267067,-0.006519967,-0.0129032,-0.0195699,-0.024982133,-0.003333333,-0.004996667,-0.011666667,-0.001231867,-0.006204267,-0.0184087,0.0088201,-0.252748546,0.085231274
2005,1077.478092,1410.698543,1483.866627,1765.316386,5.3,462.3658224,0.6175,0.922,453.8795313,64.8025,5.680565299,0.0033,0.0314,-0.010157133,-0.035429367,0.311464781,,0.118291,0.1680486,0.191696038,-0.008956299,0.013247717,-0.001276267,0.0003763,0.000430133,0.001451567,0.001827933,0,0.003333333,0.018333333,-0.006443133,0.000276033,0.013751567,-0.001061267,0.373095351,0.048392274
2005.25,1077.785151,1410.288753,1484.687827,1766.142935,5.1,462.2499168,0.735825,0.724,453.7800996,64.8725,5.698443794,0.0083,0.002,-0.0005836,-0.007728873,0.109781863,,0.5453938,0.5301628,0.365931028,-0.065096286,-0.00522929,-0.001898833,0.005758033,0.021417633,0.0303405,0.035876367,0,0.008333333,0.023333333,0.001477,0.004382333,0.0221414,0.011057233,0.444555801,0.044939588
2005.5,1078.369504,1410.873106,1485.442974,1766.183512,4.9667,461.7128401,0.865,0.931,454.5207845,65.11,5.678396059,0.0067,-0.0165,-0.0638347,0.001380767,0.197669201,,0.2999568,0.309533,0.353386548,0.070826745,0.042907673,0.0015388,0.0051667,0.0112221,0.008999967,0.0057222,0.003333333,0.006666667,-0.003333333,-0.0001177,0.0019459,-0.0053427,0.005356367,0.687222252,0.042905989
2005.75,1078.686245,1411.906696,1486.270354,1766.329328,4.9667,461.527892,0.995,0.756,454.5643087,64.645,5.700296847,-0.0017,-0.0026,-0.021600767,0.006541867,0.0099252,,0.2576687,0.2695316,0.3043844,-0.040937771,-0.068209176,0.006014267,0.005311833,0.003435533,-0.000684567,0.000982133,-0.003333333,-0.001666667,-0.001666667,-0.0085143,-0.0105724,-0.005103833,-0.0028971,0.586568624,0.035104488
2006,1079.663247,1413.595445,1486.394836,1766.73876,4.7333,462.3834911,1.114175,0.783,455.1547866,65.39,5.737378905,0.0183,0.0262,0.018468433,-0.041458362,0.189256138,,0.2000051,0.2090219,0.310660673,-0.065874857,-0.031592425,0.000555767,0.008978533,0.0087634,0.010376367,0.012258033,0.001666667,0.018333333,0.026666667,-0.0066281,0.0003957,0.013435867,0.0244634,0.333570635,0.039106251
2006.25,1079.734861,1412.238463,1486.978834,1766.96272,4.6333,461.6545244,1.226675,0.801,455.065064,64.5475,5.791219704,0.0033,0.0099,-0.015189767,-0.005103248,-0.058534167,,0.6312646,0.6044538,0.28778047,0.079715741,0.02092035,-0.0003333,0.019820767,0.0333011,0.038197133,0.0396487,-0.001666667,0.003333333,0.003333333,0.0086379,0.0178307,0.009561833,0.0204278,0.611777547,0.085371971
2006.5,1079.567,1411.348577,1487.490093,1767.248772,4.6333,461.6841807,1.311675,0.695,454.6385745,63.8725,5.8298242,-0.0117,0.0046,0.000517433,-0.01724516,-0.112378123,,0.1118122,0.1261501,0.177231472,-0.06722468,-0.013579676,-0.022225467,-0.019444367,-0.0232223,-0.02,-0.0187778,-0.013333333,-0.011666667,-0.005,-0.005216367,-0.002437233,0.0067314,-0.002855567,0.276213888,-0.015109163
2006.75,1080.090123,1410.043496,1487.674232,1767.680027,4.4333,462.6373792,1.311675,0.349,455.374004,64.2625,5.868677544,-0.0033,-0.0185,-0.010006467,0.018036927,-0.065827273,,-0.0891731,-0.0137968,0.17394574,0.055510209,-0.021526689,-0.004831233,-0.002742,-0.0006702,-0.010939033,-0.0115698,-0.001666667,-0.003333333,-0.006666667,0.0056712,-0.001196633,0.000622933,0.012832667,0.15148128,-0.018986641
2007,1079.931024,1408.39738,1488.023178,1767.293873,4.5,464.0546982,1.314175,1.117,455.4634499,63.855,5.910179027,-0.0067,-0.0205,0.012183967,-0.01593661,-0.052753247,,0.0487279,0.0863401,-0.312437415,-0.020149581,-0.004580743,-0.0016667,-0.0040334,-0.013010733,-0.0234409,-0.0273657,0,-0.00667,-0.031666667,0.003068233,-0.0094076,-0.032377967,-0.006711067,-0.09177859,-0.000265039
2007.25,1080.468495,1408.934852,1488.222239,1767.193696,4.5,462.8075837,1.3125,0.557,456.0716605,63.3675,5.983604664,0.0017,0.0107,-0.016415033,0.00528125,0.02752169,,-0.0947045,-0.0833344,0.092941341,0.120472687,0.023509701,-0.002346567,-0.0015613,-0.008596833,-0.005897867,-0.003897767,-0.001666667,0.001666667,0.013333333,-0.003599333,-0.0028703,0.0089253,0.018904,0.234841044,-0.02608786
2007.5,1080.881844,1408.218245,1488.804937,1766.987803,4.6667,461.836278,1.268325,0.346,457.2646994,63.5575,6.01422084,-0.065,0.0136,0.026301556,-0.17593578,0.20813218,,-0.6357841,-0.5634434,-0.176169101,-0.058816022,-0.014498516,-0.026735533,-0.0245556,-0.030222167,-0.0333889,-0.031555567,-0.025,-0.056666667,-0.066666667,-0.016018667,-0.039748133,-0.053848533,-0.021862067,-0.28703617,-0.07096552
2007.75,1080.984915,1406.409212,1489.414338,1766.277525,4.8,462.2096131,1.124175,0.435,457.6904447,63.9525,6.024882235,0.02,-0.006,-0.058466867,-0.046966647,0.113519333,,-0.5107119,-0.3788987,-0.540997719,-0.187750533,-0.052992095,-0.0391056,-0.015336833,0.0166147,0.001276033,-0.009492867,0.005,0.02,0.065,0.024785433,0.043936133,0.082083867,0.048258833,-0.830881812,-0.021583471
2008,1080.079932,1402.366716,1489.847167,1765.747423,5,463.7918072,0.794175,0.57,456.7146356,62.8175,6.088682344,-0.0217,0.0609,-0.090146167,-0.16968135,0.570736583,,,,,-0.243546672,-0.031494448,-0.1756424,-0.070483933,-0.054462333,-0.045215033,-0.035698867,,,,,,,0.004365,-1.682902975,-0.172526298
2008.25,1080.35676,1400.224072,1490.621096,1765.21309,5.3333,462.4472688,0.521675,0.485,457.7079306,63.1,6.141418547,-0.02,-0.0026,-0.020656333,-0.006682967,-0.0881397,,,,,0.206704075,0.027039902,-0.0048965,-0.0102903,-0.0257634,-0.026171967,-0.018419333,,,,,,,0.0130104,0.258923186,0.024563128
2008.5,1079.63254,1396.601098,1490.391519,1764.291056,6,462.3098509,0.485,0.683,457.9760066,63.51,6.098856639,0.03,0.0204,-0.066553367,-0.315375667,0.713274067,,,,,0.247370327,0.205166967,0.014194967,0.014000033,-0.0021667,-0.002833367,-0.009000067,,,,,,,0.039716133,1.799237329,0.107593557
2008.75,1077.262378,1388.168474,1488.021357,1762.354245,6.8667,463.9842108,0.126675,0.142,457.3256313,63.565,5.814497697,-0.0817,-0.0572,-0.1806068,0.05667875,0.322901467,,,,,0.122552195,0.105597565,-0.061801133,-0.031826333,-0.059919333,-0.073306467,-0.079139767,,,,,,,0.0002299,1.314580481,
2009,1075.664677,1378.678047,1486.587995,1759.344854,8.2667,460.368909,0.045825,0.247,458.0754535,64.725,5.758132449,-0.0033,-0.1417,-0.108513233,0.115833867,0.0894879,,,,,0.167905041,0.069788576,-0.0241672,-0.031345667,-0.0599463,-0.063225733,-0.062473067,,,,,,,0.023441267,1.118835483,
2009.25,1075.323242,1373.385105,1486.574428,1758.202707,9.3,461.3058987,0.045,-0.167,459.9966671,66.7825,5.857280211,0.0017,0.0563,0,0,0,,,,,0.075844925,-0.020208576,0.0016667,-0.000161333,-0.004912067,-0.0000233,0.007835133,,,,,,,0.031707367,0.435805967,
2009.5,1075.419388,1373.481252,1487.323106,1756.810434,9.6333,460.5640076,0.039175,-0.022,461.4149749,66.945,5.925581414,-0.0067,-0.0195,0,0,0,,,,,-0.053341467,-0.067642646,-0.0004444,-0.003000033,-0.004500067,-0.003722267,0.001777733,,,,,,,-0.002231033,-0.137553221,
2009.75,1076.151338,1377.213426,1487.729322,1756.410014,9.9333,459.8427505,0.03,0.296,462.607025,67.385,5.992409284,-0.005,0.019,0,0,0,,,,,0.121095578,0.051611471,-0.008478967,-0.007856833,-0.028222233,-0.0355018,-0.040365633,,,,,,,-0.0110698,0.423062589,
2010,1076.384265,1379.397635,1487.96225,1757.051462,9.8333,458.2321123,0.033325,0.352,463.1373851,66.42,6.055117356,-0.0033,0.0027,0,0,0,,,,,0.019448364,-0.001687885,-0.007556133,-0.002526933,-0.0018279,0.005537667,0.0145699,,,,,,,,0.32515877,
2010.25,1077.161692,1383.0324,1488.249079,1757.762743,9.6333,458.629313,0.048325,0.443,463.4913437,65.88,6.066930308,-0.0033,0.0045,0,0,0,,,,,-0.073671517,-0.029064966,-0.000389433,-0.004946233,-0.0089499,-0.011813667,-0.011759833,,,,,,,,-0.231168768,
2010.5,1077.634873,1384.440166,1488.393852,1758.144873,9.4667,458.2034611,0.046675,0.456,463.9784151,66.3425,6.106393901,0.0017,-0.0231,-0.1563025,0.1509233,0.185360367,,,,,-0.003004003,0.00433041,0.002452233,0.0005556,-0.005333233,-0.011555533,-0.013222233,,,,,,,,0.049151649,
2010.75,1078.060077,1384.399169,1489.147463,1758.091892,9.5,457.7727044,0.046675,0.511,464.3977352,65.925,6.20617348,0.0017,0.0307,-0.072591,0.078414267,0.056243,,,,,-0.021615796,-0.025308809,0.002776633,0.002777733,-0.005555633,-0.004856667,-0.004856667,,,,,,,,0.008958374,
2011,1077.505285,1382.905403,1489.895621,1757.732222,9.0333,460.1533582,0.039175,0.44,463.5573292,65.605,6.31996509,-0.0017,0.0114,0,0,0,,,,,-0.025992043,-0.002122301,-0.001666533,-0.0016666,-0.0016667,-0.002204333,-0.005376367,,,,,,,,-0.109632349,
2011.25,1078.062157,1384.86745,1490.29055,1757.705469,9.0667,458.5803863,0.023325,0.726,463.8846712,65.2975,6.335018893,-0.0033,0.0029,0,0,0,,,,,-0.025882508,0.007719435,0,-0.000500033,0.000500033,0.0020054,0.0045108,,,,,,,,0.082435745,
2011.5,1078.072556,1384.877849,1490.462892,1758.386109,9,458.7728968,0.020825,0.602,463.7075747,65.335,6.294289966,0.005,-0.0221,-0.260478467,0.223170933,0.4745175,,,,,-0.137064646,-0.034796871,-0.001420033,-0.0006111,0.008944533,-0.003277767,-0.015944467,,,,,,,,-0.532392417,
2011.75,1078.995805,1390.347336,1490.573789,1758.837401,8.6333,456.4462768,0.018325,0.143,464.3919634,65.96,6.203558012,0.0033,-0.0038,0,0,0,,,,,-0.139968469,-0.054386576,0.002733867,0.007777767,0.017598467,0.019820767,0.021487467,,,,,,,,-0.27674608,
2012,1079.491166,1392.167219,1490.905885,1759.549666,8.2667,458.1584211,0.025825,0.527,464.5419216,66.6925,6.207322607,0,-0.0036,-0.065510533,0.079078633,0.010049667,,,,,-0.153648248,-0.075745534,-0.001110567,0,-0.0026881,-0.0039785,-0.006290333,,,,,,,,-0.630219617,
2012.25,1079.790071,1393.339492,1490.713388,1759.410787,8.2,457.5864952,0.038325,0.456,465.111822,66.6875,6.178277282,0.0033,-0.0078,-0.007780933,0.004710367,0.047903067,,,,,0.047008997,0.043697614,0.0009179,0.0012222,0.0030896,0.0043799,0.005025067,,,,,,,,0.315651027,
2012.5,1079.714405,1393.263827,1490.637723,1759.640121,8.0333,457.3369873,0.035825,0.537,464.9215779,66.525,6.189721032,0.0117,0.0348,0.054150167,-0.044833567,-0.107068133,,,,,-0.05403728,-0.018521142,,,,,,,,,,,,,-0.412727422,
2012.75,1079.540362,1392.654053,1490.791549,1759.590335,7.8,460.1714221,0.04,0.404,464.4958046,66.2975,6.180057747,-0.0017,0.0089,0.0420946,-0.049776567,-0.039648167,,,,,0.015354523,-0.012661576,,,,,,,,,,,,,0.182948581,
2013,1080.088085,1395.361687,1490.847064,1759.301521,7.7333,457.3369873,0.035825,0.39,464.7309712,66.0975,6.186846281,0.0033,-0.0044,0,0,0,,,,,-0.116830017,-0.025140278,,,,,,,,,,,,,-0.295374139,
2013.25,1080.12069,1396.245361,1490.71506,1759.503422,7.5333,458.6333892,0.029175,0.208,464.5803363,66.1675,,0,0.0265,0.111866567,-0.126106833,-0.042422233,,,,,0.005062296,-0.010010754,,,,,,,,,,,,,-0.103765118,
2013.5,1080.691592,1397.66015,1490.955928,1759.596319,7.2333,457.9247067,0.020825,0.481,464.9856704,66.61,,0,-0.0451,-0.0461828,0.057901667,-0.028038633,,,,,-0.051491657,0.009824723,,,,,,,,,,,,,-0.012049482,
2013.75,1081.460493,1398.848338,1491.559403,1759.783687,6.9333,456.8786245,0.021675,0.514,465.9980289,67.38,,0,0.013,0.051741933,-0.060806,-0.026189967,,,,,0.036000623,0.012306823,,,,,,,,,,,,,-0.172380571,
2014,1081.061644,1397.609149,1491.984962,1760.2473,6.6667,459.0827824,0.018325,0.414,465.1882001,66.7525,,0,0.0117,0.041125933,-0.0595283,0.092976367,,,,,-0.116337463,-0.062286336,,,,,,,,,,,,,-0.442099855,
2014.25,1082.015821,1400.651085,1492.445311,1760.634557,6.2333,457.3555672,0.023325,0.562,465.8094649,67.3425,,0,0.0015,-0.008486967,0.010044067,-0.033438933,,,,,-0.091000784,-0.019273815,,,,,,,,,,,,,-0.641051042,
2014.5,1083.079735,1402.538048,1493.178646,1760.935744,6.1,456.5410127,0.0225,0.454,466.8426636,68.095,,0,0.0039,0.0102251,-0.021227367,0.064670667,,,,,-0.009400077,0.00870406,,,,,,,,,,,,,-0.088259799,
2014.75,1083.374036,1402.832349,1493.968406,1761.490189,5.7,458.2362047,0.025,0.145,466.3222089,68.0525,,0.0017,0.0005,0.067367133,-0.074009533,-0.007369467,,,,,-0.010627815,0.011052804,,,,,,,,,,,,,-0.067043183,
2015,1084.007099,1405.091464,1494.106009,1761.566436,5.5667,458.4018049,0.0275,-0.017,467.0602058,68.7625,,-0.0083,-0.0229,-0.0294431,0.0280861,-0.0139123,,,,,0.072596362,0.041166561,,,,,,,,,,,,,,
2015.25,1084.513409,1405.193734,1494.44662,1761.473374,5.4,458.4834817,0.030825,0.538,467.3875016,69.3875,,-0.0067,-0.0174,0.028492333,-0.020295733,-0.1208319,,,,,0.160522677,0.095140122,,,,,,,,,,,,,,
2015.5,1084.717942,1405.398266,1495.147431,1761.305149,5.1,458.1502298,0.034175,0.336,467.6830164,69.2625,,-0.0183,-0.0185,-0.059455,0.0341899,-0.021391733,,,,,0.105615298,0.055525225,,,,,,,,,,,,,,
2015.75,1084.636179,1404.094492,1495.230549,1762.098451,5,459.8648969,0.04,0.206,466.9993042,68.635,,0.0117,-0.0029,-0.0320935,0.004851067,0.137550433,,,,,0.182550342,0.07943266,,,,,,,,,,,,,,
2016,1084.61865,1402.424033,1495.706036,1762.28439,4.9333,458.9823018,0.09,0.062,466.7346544,68.615,,-0.0217,-0.0288,-0.011358833,0.009684433,-0.101009567,,,,,0.034672105,0.022347717,,,,,,,,,,,,,,
2016.25,1085.007468,1402.395314,1496.422187,1762.012083,4.8667,459.3947446,0.093325,0.601,466.9721207,68.325,,-0.0083,-0.0074,-0.016851367,0.012327833,-0.009202967,,,,,-0.062643187,-0.051904449,,,,,,,,,,,,,,
2016.5,1085.497167,1402.885013,1497.075151,1762.427179,4.9333,459.0716229,0.099175,0.34,467.5675247,69.3225,,-0.0067,-0.015,,,,,,,,0.043103661,0.025847467,,,,,,,,,,,,,,
2016.75,1085.738231,1403.959415,1497.641948,1762.20678,4.7333,457.0340618,0.1125,0.502,467.858792,69.405,,0.005,0.0201,,,,,,,,0.068156387,-0.003571899,,,,,,,,,,,,,,
2017,1085.886437,1403.69182,1497.952624,1762.462977,4.6667,457.9749809,0.175,0.494,467.9191726,69.675,,,,,,,,,,,0.061399202,0.027870973,,,,,,,,,,,,,,
2017.25,1086.475165,1404.696349,1498.541352,1762.776348,4.3333,457.5298435,0.2375,0.251,468.3445178,69.8225,,,,,,,,,,,-0.003714244,-0.016266482,,,,,,,,,,,,,,
2017.5,1087.056645,1406.10428,1498.634629,1763.24098,4.3,457.2616002,0.288325,0.516,468.9961601,70.5525,,,,,,,,,,,0.06025212,0.02856669,,,,,,,,,,,,,,
2017.75,1087.576156,1407.03447,1499.31714,1763.068553,4.1,457.1830545,0.300825,0.58,469.082481,70.0675,,,,,,,,,,,0.022982382,-0.032002035,,,,,,,,,,,,,,