date,gdp,unemp,ygap_hp,ffr,infl,inv,cons,lab,lab_share,lab_prod,tfp,lpcom,ff4,onrun10,ir_1,ir_2,ir_3,rr_1,rr_2,rr_3,rr_4,gk_var_1,gk_var_2,mp1_tc,ff4_tc,ed2_tc,ed3_tc,ed4_tc,ff1_vr,ff4_vr,ed2_vr,ff1_gkgreen,ff4_gkgreen,ed2_gkgreen,mar_raw,mar_svariv,ad
1969,1005.324287,3.4,1.626785866,6.5667,4.132,1332.281181,1396.526588,1754.950533,468.0787732,382.4851616,26.01,4.651519239,,,,,,-0.24526549,-0.246049,-0.2274091,-0.184388582,,,,,,,,,,,,,,,,
1969.25,1005.414643,3.4333,1.138910676,8.3267,5.076,1331.224297,1397.215151,1755.255848,469.365714,381.6766824,25.325,4.697053859,,,,,,0.58851657,0.5906745,0.6749188,0.534632007,,,,,,,,,,,,,,,,
1969.5,1005.758109,3.5667,1.028049591,8.9833,5.584,1331.567763,1397.359611,1755.205805,470.0962068,381.7382601,25.1375,4.725658449,,,,,,0.51913821,0.519298,0.4843627,0.521231729,,,,,,,,,,,,,,,,
1969.75,1005.026828,3.5667,-0.212717655,8.94,5.124,1327.711228,1398.209392,1755.194452,471.4221881,381.3174573,25.0025,4.737448925,,,,,,0.14714671,0.1479118,0.1658559,0.153874488,,,,,,,,,,,,,,,,
1970,1004.602824,4.1667,-1.101439588,8.5733,5.596,1324.470136,1398.761005,1754.644178,471.8802397,381.5798408,26.06,4.758229955,,,,,,-0.65963701,-0.6605632,-0.5745371,-0.578449691,,,,,,,,,,,,,,,,
1970.25,1004.468325,4.7667,-1.693401842,7.88,5.536,1324.335637,1398.820492,1753.088329,470.4816406,383.0943093,27.835,4.745066006,,,,,,-0.02406602,-0.0259126,-0.0259718,0.013839502,,,,,,,,,,,,,,,,
1970.5,1005.013875,5.1667,-1.508211859,6.7033,3.264,1324.881187,1399.559653,1752.349654,470.0780321,384.6182303,29.2075,4.724161177,,,,,,-0.99756538,-1.001679,-0.9256776,-0.958174688,,,,,,,,,,,,,,,,
1970.75,1003.631245,5.8333,-3.319857405,5.5667,5.244,1318.476581,1399.902857,1752.081733,470.494312,383.7579592,29.125,4.69235525,,,,,,-0.58402335,-0.5805882,-0.5999238,-0.678920747,,,,,,,,,,,,,,,,
1971,1005.967901,5.9333,-1.379094497,3.8567,6.064,1329.04834,1399.34635,1751.750668,468.6243132,386.6230344,30.3525,4.689267731,,,,,,-0.77179544,-0.772168,-0.8935021,-0.754885584,,,,,,,,,,,,,,,,
1971.25,1006.249783,5.9,-1.583875576,4.5633,5.236,1330.898883,1399.823737,1751.669251,468.5477474,386.9595556,30.4075,4.690258994,,,,,,0.8060988,0.8077134,0.877007,0.719257152,,,,,,,,,,,,,,,,
1971.5,1006.71783,6.0333,-1.513918331,5.4733,4.04,1332.142126,1400.096279,1752.322203,468.1028768,387.8466222,32.5425,4.682247829,,,,,,-0.11703265,-0.1163608,-0.1003367,-0.086453995,,,,,,,,,,,,,,,,
1971.75,1006.705094,5.9333,-2.032101909,4.75,3.308,1330.964329,1401.057261,1753.407431,469.2081558,387.0492427,31.1875,4.667104888,,,,,,-1.583165,-1.581268,-1.527481,-1.702562742,,,,,,,,,,,,,,,,
1972,1008.24284,5.7667,-0.965418783,3.54,6.144,1335.199734,1401.425403,1754.587497,469.2319887,388.4446238,31.475,4.7215107,,,,,,-0.06818728,-0.0683501,-0.1236863,-0.295661016,,,,,,,,,,,,,,,,
1972.25,1010.295298,5.7,0.524933557,4.3,2.44,1339.507926,1402.887889,1754.996528,467.983229,390.4655935,32.16,4.771111104,,,,,,-0.26899001,-0.2684411,-0.3411304,-0.344253081,,,,,,,,,,,,,,,,
1972.5,1010.952564,5.5667,0.716414832,4.74,3.74,1340.905936,1404.135127,1755.190558,468.1455073,391.0061082,32.8175,4.797092112,,,,,,0,-0.1365761,-0.111762,0,,,,,,,,,,,,,,,,
1972.75,1012.334571,5.3667,1.637777318,5.1433,5.048,1343.023242,1405.320864,1755.812615,468.564357,391.8263493,33.6525,4.845123681,,,,,,0.00926985,-0.0500024,-0.05911,0.001393559,,,,,,,,,,,,,,,,
1973,1014.553136,4.9333,3.355715395,6.5367,4.624,1347.415805,1406.552254,1756.73622,468.3593121,394.0377199,34.6825,4.957860703,,,,,,0.56926885,0.5687581,0.5286473,0.497353027,,,,,,,,,,,,,,,,
1973.25,1015.455751,4.9333,3.726442425,7.8167,6.048,1349.387948,1406.857851,1757.375505,468.5514387,394.1309926,34.1,5.085078039,,,,,,0.66346977,0.6627217,0.5815276,0.677691584,,,,,,,,,,,,,,,,
1973.5,1014.662979,4.8,2.501938826,10.56,7.56,1346.08158,1407.452614,1757.468671,469.9616356,393.1570698,33.0375,5.271682301,,,,,,-0.1379882,-0.1358653,-0.2387917,-0.020128272,,,,,,,,,,,,,,,,
1973.75,1015.346776,4.7667,2.762095127,9.9967,7.876,1347.490017,1407.544109,1757.977697,470.2659807,392.5077425,33.3425,5.278433304,,,,,,-1.1080757,-1.106653,-1.189948,-1.132525739,,,,,,,,,,,,,,,,
1974,1014.309483,5.1333,1.222870629,9.3233,7.536,1342.023956,1408.2733,1757.564551,470.5087917,392.3042072,32.545,5.420292819,,,,,,0.7276556,0.7302715,0.7318664,0.521694631,,,,,,,,,,,,,,,,
1974.25,1014.356688,5.2,0.787876679,11.25,9.4,1342.44781,1408.708855,1757.225805,469.7557918,392.0407755,33.2275,5.418767753,,,,,,1.0582328,1.056691,0.9913459,1.143914927,,,,,,,,,,,,,,,,
1974.5,1013.130019,5.6333,-0.8370492,12.09,11.432,1338.939672,1408.638268,1756.78721,470.6986428,390.9740402,31.7875,5.464275518,,,,,,-0.54251636,-0.540933,-0.6221972,-0.718589721,,,,,,,,,,,,,,,,
1974.75,1012.470926,6.6,-1.910905188,9.3467,11.608,1336.338771,1407.595298,1754.796835,469.5431277,391.8561582,33.0775,5.411663234,,,,,,-0.17601167,-0.176415,-0.3070521,-0.439098362,,,,,,,,,,,,,,,,
1975,1011.054237,8.2667,-3.836527786,6.3033,8.964,1325.469465,1407.894571,1752.662759,468.531135,392.6458313,35.5,5.307538,,,,,,-0.60945371,-0.6107861,-0.6043138,-0.682713853,,,,,,,,,,,,,,,,
1975.25,1011.58128,8.8667,-3.846306282,5.42,5.944,1325.130701,1408.798972,1752.55006,467.4901451,394.301767,36.79,5.269107679,,,,,,-0.33116529,-0.3328659,-0.2432384,-0.17144422,,,,,,,,,,,,,,,,
1975.5,1012.922773,8.4667,-2.894481665,6.16,7.06,1331.143957,1409.384319,1753.460484,466.5512415,395.4277573,36.2225,5.310388145,,,,,,-0.1802546,-0.1783914,-0.192966,-0.419263727,,,,,,,,,,,,,,,,
1975.75,1014.006052,8.3,-2.326110354,5.4133,6.612,1333.053687,1409.896712,1754.177333,466.6585084,395.523574,35.1825,5.268699153,,,,,,-0.20080652,-0.2030073,-0.2928912,-0.494468336,,,,,,,,,,,,,,,,
1976,1016.022061,7.7333,-0.89364038,4.8267,4.136,1340.67116,1411.146433,1755.81567,465.9421601,396.9857857,35.2575,5.263740661,,,,,,-0.79870315,-0.7982562,-0.8150342,-0.712422514,,,,,,,,,,,,,,,,
1976.25,1016.562102,7.5667,-0.973201852,5.1967,4.044,1343.518996,1411.686474,1755.579761,465.7458985,397.9419937,36.1025,5.318938167,,,,,,-0.19628434,-0.1973201,-0.1452676,-0.11158241,,,,,,,,,,,,,,,,
1976.5,1016.811848,7.7333,-1.252172589,5.2833,5.124,1344.148249,1412.702507,1755.785157,466.2438594,398.1231854,35.9275,5.340416256,,,,,,-0.16406607,-0.1626259,-0.205499,-0.189973122,,,,,,,,,,,,,,,,
1976.75,1017.29802,7.7667,-1.367549523,4.8733,7.028,1345.012493,1413.569632,1756.035924,466.2193035,398.4473891,36.8825,5.288747288,,,,,,-0.1420563,-0.1394514,-0.2118412,-0.330644341,,,,,,,,,,,,,,,,
1977,1018.221717,7.5,-1.037031253,4.66,6.384,1348.910387,1414.303034,1756.76464,466.0529204,399.0501413,37.4675,5.360515916,,,,,,-0.40944483,-0.4087758,-0.4797344,-0.428815774,,,,,,,,,,,,,,,,
1977.25,1019.92494,7.1333,0.043765316,5.1567,5.572,1353.501897,1414.856819,1757.974118,466.0396735,399.4782021,37.0675,5.374904789,,,,,,-0.24522328,-0.2469198,-0.3274969,-0.269588213,,,,,,,,,,,,,,,,
1977.5,1021.398242,6.9,0.993247792,5.82,4.896,1356.738914,1415.75041,1758.245381,465.6727945,400.467511,38.57,5.308556655,,,,,,-0.13594057,-0.134786,-0.2129834,-0.17920743,,,,,,,,,,,,,,,,
1977.75,1021.122957,6.6667,0.168978006,6.5133,8.596,1357.160496,1416.054836,1759.320689,466.9327384,399.1757973,37.535,5.334003193,,,,,,-0.19597303,-0.1965102,-0.2208928,-0.285830704,,,,,,,,,,,,,,,,
1978,1021.236834,6.3333,-0.320650916,6.7567,5.916,1356.926546,1417.318151,1759.071977,468.6399881,399.2404117,38.19,5.400597438,,,,,,-0.05723155,-0.0573382,-0.1508405,-0.248332353,,,,,,,,,,,,,,,,
1978.25,1024.796339,6,2.686394207,7.2833,7.252,1362.895806,1418.565414,1761.41792,466.2967285,401.1832141,38.2475,5.43189539,,,,,,-0.04148069,-0.0431148,-0.1444739,-0.134151028,,,,,,,,,,,,,,,,
1978.5,1025.477803,6.0333,2.932295183,8.1,6.636,1363.916829,1419.246878,1761.274518,466.0718415,401.186834,38.18,5.463812961,,,,,,-0.36178727,-0.3622698,-0.4080551,-0.248805524,,,,,,,,,,,,,,,,
1978.75,1026.517491,5.9,3.546948682,9.5833,8.32,1365.968331,1419.503784,1761.796265,465.79334,401.8147229,37.98,5.526763713,,,,,,0.25913838,0.2603568,0.2322706,0.215316919,,,,,,,,,,,,,,,,
1979,1026.461756,5.8667,3.042507923,10.0733,7.088,1365.239192,1420.035709,1762.02258,467.9312443,400.9186013,38.0225,5.586349922,,,,,,-0.01890217,-0.0172532,-0.0999674,-0.133071205,,,,,,,,,,,,,,,,
1979.25,1026.322281,5.7,2.501991884,10.18,9.56,1364.421748,1420.674448,1761.499053,467.5460882,400.6423681,39.0225,5.624579604,,,,,,0.04108413,0.0391264,-0.0272534,0.026893615,,,,,,,,,,,,,,,,
1979.5,1026.736649,5.8667,2.629703872,10.9467,8.456,1363.466232,1421.668528,1762.076976,467.8058128,400.5349401,37.625,5.636937802,,,,,,0.85842991,0.8605912,0.8895471,0.87781184,,,,,,,,,,,,,,,,
1979.75,1026.684512,5.9667,2.298754991,13.5767,7.9,1361.674921,1422.575171,1762.314087,468.4849751,400.4474558,37.7175,5.647469762,,,,,,0.04493795,0.0449353,0.0993315,0.101576681,,,,,,,,,,,,,,,,
1980,1026.726223,6.3,2.058861786,15.0467,8.232,1360.303181,1423.187769,1761.293855,468.3223223,400.9204161,39.675,5.665333835,,,,,,1.6080407,1.607087,1.813551,1.864640079,,,,,,,,,,,,,,,2.542549369,
1980.25,1024.398738,7.3333,-0.556605422,12.6867,8.688,1350.59227,1422.366904,1759.259889,469.1879851,399.8310787,38.7075,5.581666988,,,,,,-3.9847327,-3.986086,-4.058774,-3.991197769,,,,,,,,,,,,,,,-5.947250119,
1980.5,1023.94954,7.6667,-1.196176539,9.8367,9.1,1346.633939,1422.847944,1759.154461,469.7220513,400.1662592,38.1575,5.653375018,,,,,,0.97584303,0.9786537,1.164973,1.03672962,0.122011809,-0.002756345,,,,,,,,,,,,,0.812723119,
1980.75,1025.512985,7.4,0.13644917,15.8533,10.9,1352.469879,1423.481151,1759.792025,469.2209896,401.2754825,37.77,5.684162642,,,,,,2.4553966,2.455448,2.474537,2.393568522,0.107059835,-0.000625301,,,,,,,,,,,,,0.342012256,
1981,1027.356725,7.4333,1.560805161,16.57,9.868,1359.499966,1423.438042,1760.727816,467.1341748,402.9503773,38.8675,5.623056277,,,,,,-0.47610583,-0.4765787,-0.4291963,-0.55480898,-0.095539764,-0.045805063,,,,,,,,,,,,,0.231073041,
1981.25,1026.399016,7.4,0.293202447,17.78,7.432,1355.611645,1423.616709,1759.802427,468.0926798,401.6941423,37.905,5.603291659,,,,,,1.5149078,1.514498,1.525954,1.515757635,0.140350982,0.050853711,,,,,,,,,,,,,2.026216907,
1981.5,1027.266896,7.4,0.944616309,17.5767,7.132,1359.410138,1423.157555,1758.88001,467.3183912,402.5351691,39.795,5.60235794,,,,,,-0.65150372,-0.6473487,-0.7218544,-0.791033918,0.306502274,0.075790922,,,,,,,,,,,,,2.091507875,
1981.75,1025.832581,8.2333,-0.712919867,13.5867,7.424,1354.67277,1422.861772,1758.248303,468.1973807,401.3441763,39.3025,5.540255535,,,,,,-0.83024832,-0.8308354,-0.8630374,-0.883451894,-0.437647673,-0.11242426,,,,,,,,,,,,,-1.107877568,
1982,1023.931673,8.8333,-2.872052068,14.2267,5.56,1347.799518,1422.830077,1757.099901,470.0643989,400.6223479,39.64,5.524663796,,,,,,0.58638753,0.5867098,0.612453,0.609108647,0.155129861,0.072936101,,,,,,,,,,,,,1.619132222,
1982.25,1024.256354,9.4333,-3.049604476,14.5133,4.788,1347.336794,1422.783701,1757.440046,469.5120573,400.8296358,39.0325,5.499464073,,,,,,-0.05561013,-0.0564761,-0.0891476,-0.086472969,0.248523118,0.058389163,,,,,,,,,,,,,1.264484377,
1982.5,1023.638197,9.9,-4.110789726,11.0067,5.72,1345.924981,1423.641585,1757.174318,469.640845,401.0201794,38.5,5.477171017,,,,,,-0.40750841,-0.4078322,-0.4359074,-0.43070476,-0.451037736,-0.1217244,,,,,,,,,,,,,-2.258943545,
1982.75,1023.491135,10.6667,-4.798684475,9.2867,4.416,1340.878981,1424.949095,1756.450753,469.1109322,401.9261756,38.685,5.434966745,,,,,,0.53300493,0.5335374,0.4530183,0.344234839,-0.206633244,0.001976585,,,,,,,,,,,,,-0.480158613,-0.01192331
1983,1024.590636,10.3667,-4.268596198,8.6533,3.22,1341.978482,1425.686931,1756.711531,468.447108,403.2486889,38.4775,5.470296453,,,,,,0.32963756,0.3304234,0.3403285,0.238891424,-0.016447733,-0.048111793,,,,,,,,,,,,,-0.057999572,0.047269464
1983.25,1026.639305,10.1333,-2.84764063,8.8033,2.696,1349.323704,1427.008324,1758.146155,466.7741148,405.5257174,38.2725,5.516016914,,,,,,-0.01874941,-0.0184573,-0.0370014,0.156412163,0.293869427,0.053661736,,,,,,,,,,,,,0.396965227,0.027573794
1983.5,1028.332711,9.3667,-1.743410961,9.46,4.168,1353.757008,1428.519082,1759.904934,465.433171,406.2423806,37.09,5.57014984,,,,,,-0.24233576,-0.2432183,-0.1983932,-0.033345055,0.143387132,0.004492057,,,,,,,,,,,,,0.236073919,-0.008880753
1983.75,1030.139081,8.5333,-0.593961247,9.43,2.932,1360.827751,1429.222499,1760.656365,465.4579206,406.7247394,37.175,5.594608996,,,,,,0.32599049,0.3265825,0.2766463,0.28628771,0.122816593,0.039713177,,,,,,,,,,,,,0.456338293,-0.028557156
1984,1031.913399,7.8667,0.393335822,9.6867,4.236,1367.603111,1429.881564,1761.763576,466.0444047,406.8889993,38.025,5.638464069,,,,,,0.15644843,0.1555654,0.1515853,0.138007092,0.068766164,-0.002958859,,,0.003333333,0,-0.003763433,,,0.005,,,-0.024224467,,0.209455957,-0.010537669
1984.25,1033.452294,7.4333,1.131702395,10.5567,3.352,1369.836453,1431.045927,1763.31501,465.5074016,407.5076792,38.765,5.664885342,,,,,,0.17324327,0.173155,0.1376575,0.150463376,0.415691362,0.102607424,,,0.01,0.013333333,0.007096767,,,0.01,,,0.004062233,,1.808412146,-0.016989996
1984.5,1034.190376,7.4333,1.097431037,11.39,3.228,1370.574536,1431.784009,1762.652061,465.6556976,407.9332442,39.2575,5.616554946,,,,,,0.26552891,0.2640372,0.2864533,0.34254513,0.030201111,0.010696274,,,0,0,0,,,0,,,-0.012832533,,0.246030244,0.08362633
1984.75,1034.740385,7.3,0.908472508,9.2667,2.676,1370.081056,1432.521459,1762.985636,465.8436034,407.9941332,39.4825,5.584468287,,,,,,-0.6539676,-0.653407,-0.7383595,-0.643581824,-0.368920345,-0.103388856,,,-0.070215067,-0.0731183,-0.062903233,,,-0.223333333,,,0.0105306,,-1.985589096,-0.342131203
1985,1035.545449,7.2333,0.859282492,8.4767,4.576,1368.049051,1433.88675,1763.612646,465.6718448,408.161387,40.5925,5.538925465,,,,,,0.0435235,0.0424604,0.0938688,0.012122711,0.154098355,0.069167128,,,-0.156989233,-0.144623633,-0.1336559,,,-0.006666667,,,-0.0189596,,0.089303812,0.011963139
1985.25,1036.246183,7.3,0.720176476,7.9233,2.468,1369.108852,1434.959231,1763.065268,465.6081908,408.4984224,40.39,5.523270734,,,,,,-0.10394844,-0.104486,-0.1474005,-0.04069756,-0.342262186,-0.081138198,,,-0.1227957,-0.1355914,-0.143440867,,,-0.12,,,0.007634967,,-1.195379527,-0.059734845
1985.5,1037.530204,7.2,1.222460046,7.9,2.312,1369.673445,1436.243252,1763.702307,465.0774328,409.7688963,41.065,5.460485808,,,,,,0.24662485,0.2457843,0.2540045,0.349415709,0.195155258,0.060141424,,,0.005555533,-0.0122222,-0.001666667,,,0.006666667,,,-0.0052037,,0.329103984,0.066675704
1985.75,1038.028058,7.0333,0.956172945,8.1033,2.308,1370.890727,1437.111477,1763.787804,466.3269268,410.2031608,40.83,5.447466616,,,,,,0.05537063,0.055349,0.0780944,0.162601064,-0.124650649,-0.044965043,,,-0.0003943,0.005555567,0.005,,,-0.003333333,,,0.017267133,,-0.605022567,-0.000505288
1986,1038.754817,7.0333,0.888276403,7.8267,1.948,1371.258419,1437.838235,1763.933449,466.1172376,411.3738609,41.765,5.420141405,,,,,,-0.10995812,-0.1095687,-0.092363,-0.123416801,0.019418459,0.076641184,,,0.0068817,0.008709667,0.010107533,,,0.01,,,0.004935567,,0.170565162,-0.002004336
1986.25,1039.001024,7.1667,0.353034318,6.92,1.596,1371.144265,1437.714072,1763.849632,466.3410792,412.1408345,42.5725,5.372526349,,,,,,0.28262134,0.2821973,0.2789763,0.281421067,-0.087992853,-0.031606971,,,-0.004931867,0.011734767,0.014114667,,,-0.006666667,,,0.000479,,-0.590697416,0.030454046
1986.5,1039.754335,6.9667,0.335496758,6.2067,1.612,1371.897576,1438.281681,1763.83358,466.9693082,412.6230751,42.69,5.368260878,,,,,,-0.40039002,-0.4034524,-0.3884781,-0.200234543,-0.071990723,0.028007005,,,-0.008666667,-0.009444433,-0.015,,,-0.013333333,,,-0.005854533,,-0.437724276,-0.126960766
1986.75,1040.031567,6.8333,-0.082369127,6.2667,2.224,1371.085868,1439.114985,1764.287339,468.1325347,412.3790089,42.3375,5.420065651,,,,,,-0.06065667,-0.0602143,-0.0200735,0.193553412,0.066438652,0.036976741,,,-0.0051111,-0.009279567,-0.002555533,,,0,,,0.0155461,,-0.174807567,0.041799582
1987,1040.535315,6.6,-0.275240254,6.22,2.892,1370.857013,1440.171731,1765.152708,468.4609635,411.887456,41.295,5.427738889,,,,,,0.36685299,0.3670341,0.4283997,0.440608759,0.000653576,-0.001668174,,,3.33E-08,-0.001720433,-3.33E-08,,,0,,,0.008149633,,-0.207419559,0.034284787
1987.25,1041.439317,6.2667,-0.117414949,6.65,2.672,1371.761015,1441.259387,1765.59338,467.9173153,412.6053156,42.365,5.495241123,,,,,,0.23837619,0.2387692,0.2585374,0.269893183,0.05583506,0.002052797,,,-0.013333367,-0.0166667,-0.036666633,,,-0.013333333,,,0.010434933,,-0.067463201,0.044313763
1987.5,1042.097096,6,-0.146919954,6.8433,2.892,1372.785767,1441.917167,1765.9344,468.1325347,412.6279181,42.7425,5.537703973,,,,,,-0.20870671,-0.2116506,-0.1605985,0.013639376,0.124072191,0.029264693,,,0.0431111,0.061333333,0.059,,,0.053333333,,,-0.002146867,,0.755782653,-0.067785082
1987.75,1043.485083,5.8333,0.686108707,6.9167,3.296,1375.988685,1442.568501,1766.584991,468.0685738,413.4862511,42.8275,5.54108506,,,,,,-0.26547176,-0.2649809,-0.1958912,-0.143398839,-0.202649855,-0.082344914,,,0.011835133,0.0785591,0.1106774,,,0.003333333,,,0.0075222,,-1.531817223,-0.038399719
1988,1043.84593,5.7,0.357980111,6.6633,3.132,1373.429616,1443.849318,1766.042294,468.7708239,413.829765,44.2675,5.558222413,,,,,,-0.20625113,-0.2071779,-0.0883626,-0.087759782,-0.191618675,-0.03419464,,,-0.0051613,0.000322567,0.0072043,,,-0.01,,,-0.004686033,,-0.713834159,-0.00136361
1988.25,1044.952587,5.4667,0.84755992,7.1567,3.848,1374.536273,1444.772657,1766.887038,468.7956818,414.1021384,44.53,5.599872035,,,,,,0.49598352,0.4957365,0.5805244,0.446854505,0.145885437,0.064217448,,,0.021215067,0.0261183,0.019784933,,,0.026666667,,,-0.004842233,,0.400986965,0.07672394
1988.5,1045.267775,5.4667,0.645187456,7.9833,4.684,1373.734132,1445.636795,1766.829564,468.5957232,414.3959783,44.9675,5.630390987,,,,,,-0.24878885,-0.2482354,-0.2102174,-0.2157582,0.150225277,0.053168796,,,0.054555567,0.072555533,0.0588889,,,0.05,,,0.0078487,,0.704168818,-0.013876609
1988.75,1046.333189,5.3333,1.212348231,8.47,3.196,1375.173377,1446.702208,1767.585029,467.9609532,414.7853733,44.9625,5.620803103,,,,,,0.43647347,0.4349482,0.4447969,0.502637071,0.254345283,0.053468774,0.04013115,,0.007240133,0.0150896,0.0099283,,,0.02,,,0.012322967,,0.851451118,0.111361132
1989,1047.138325,5.2,1.49785155,9.4433,4.372,1376.722012,1447.141714,1768.319106,467.7714078,414.6494157,44.6625,5.654528669,,,,,,0.35826997,0.359073,0.3247353,0.343424727,0.168113085,0.062131111,0.0460412,,0.020215033,0.028709667,0.033870967,,,0.006666667,,,-0.030934967,,0.86515569,0.049996606
1989.25,1047.694989,5.2333,1.562580089,9.7267,4.116,1375.786111,1447.88136,1768.555627,466.5813631,415.0236434,44.205,5.645186655,,,,,,0.15339881,0.1532258,0.1436368,0.144772838,-0.186616277,-0.024054078,-0.0319275,,-0.023010733,-0.022688167,-0.020465933,,,-0.023333333,,,-0.0029011,,-0.83695677,0.011357783
1989.5,1048.161662,5.2333,1.634230514,9.0833,2.888,1375.118556,1448.16505,1768.404796,466.2721856,415.5329903,44.7325,5.624541882,,,,,,-0.06433405,-0.0658207,-0.0522432,-0.068152702,0.020121025,0.009530307,-0.0126378,,-0.023333333,-0.023333333,-0.025555533,,,-0.02,,,-0.014053233,,0.353913444,-0.035686934
1989.75,1048.102745,5.3667,1.19156978,8.6133,2.772,1373.140195,1449.017717,1768.190833,467.1163898,415.5674817,44.5225,5.592468819,,,,,,-0.04538395,-0.0476305,0.0367206,0.060007257,-0.124398588,-0.047138404,-0.120678067,,-0.0172043,-0.015913967,-0.009247333,,,-0.023333333,,,0.002288933,,-0.769371285,-0.016530844
1990,1048.963398,5.3,1.662725359,8.25,4.392,1374.387695,1449.514733,1768.832167,467.2595162,416.404163,44.7275,5.571266255,-0.0133,0,,,,0.21912675,0.2170083,0.2577399,0.164037098,0.207470319,0.041964434,-0.039211933,-0.007526867,-0.000322567,-0.0016129,-0.002043033,-0.005,-0.02,0,-0.002458333,-0.011087867,-0.008562767,,0.321384629,0.028351443
1990.25,1049.038493,5.3333,1.429152715,8.2433,4.104,1372.118933,1450.134789,1767.926077,467.47802,417.1614198,44.8975,5.619074663,0,0,,,,0.04396574,0.0434029,0.0448875,0.035841496,-0.008246751,-0.02029349,0,-0.005806467,-0.0124731,-0.012473133,-0.015376333,0,0,-0.006666667,0.001319433,0.0073713,-0.0082155,,-0.018567427,0.002405252
1990.5,1048.709885,5.7,0.914749714,8.16,3.556,1369.79425,1451.066323,1766.874391,467.6280813,417.4648774,44.9275,5.612947789,-0.0333,0,,,,0.0840415,0.082463,0.07195,0.145853713,-0.041045186,-0.030202249,-0.045923333,-0.033333333,-0.01,-0.006666667,-0.01,-0.026663333,-0.033333333,-0.01,0.004343733,0.0113636,0.013355333,,-0.374297798,0.015986134
1990.75,1047.500368,6.1333,-0.57163875,7.7433,3.016,1364.047873,1450.924432,1766.316391,468.4267832,416.5858697,44.805,5.572665777,-0.07,0,,,,-0.29553415,-0.2959641,-0.1521085,-0.160042268,0.100958684,0.1080401,-0.056674833,-0.0399967,-0.020107533,-0.017419367,-0.0083871,-0.053333333,-0.069996667,-0.043333333,-0.0140458,0.002522933,-0.007043,,0.510545177,0.009516144
1991,1046.723764,6.6,-1.609783936,6.4267,3.968,1360.707026,1449.97068,1765.229835,467.9572401,416.8462058,45.2425,5.545991742,-0.1233,0,,,,-0.02418447,-0.0246575,0.0402715,-0.07269684,-0.095850869,-0.050838391,-0.122218567,-0.144731167,-0.111075233,-0.086559167,-0.0601075,-0.063333333,-0.123333333,-0.096666667,-0.003380033,0.0050167,-0.001881933,-0.033281767,0.053260944,-0.006674918
1991.25,1047.177988,6.8333,-1.405727079,5.8633,2.732,1359.854041,1450.424903,1764.755782,467.6597425,418.4535601,45.845,5.52725597,-0.07,0,,,,0.26233321,0.2621248,0.2334903,0.308570205,-0.136386729,-0.088697374,-0.061159967,-0.078602133,-0.078817233,-0.069354833,-0.0715054,0.003333333,-0.07,-0.07,0.0124409,-0.000523067,0.006482667,-0.020778467,-0.613430626,0.02894727
1991.5,1047.299709,6.8667,-1.482839434,5.6433,2.928,1360.849131,1450.546625,1764.748795,467.3501505,419.1682987,45.65,5.495376229,-0.0233,-0.007,,,,0.06374891,0.0632367,0.0716177,0.196921717,-0.132852743,-0.005019315,-0.0312547,-0.023333333,-0.030000033,-0.016,-0.02,-0.046666667,-0.023333333,-0.03,0.017298367,0.018294033,0.0190904,0.0480148,-0.501050629,0.033939688
1991.75,1047.393023,7.1,-1.728767829,4.8167,2.152,1361.808251,1450.639939,1764.065121,467.746294,419.7502654,45.455,5.490116102,-0.1367,-0.0463,,,,-0.04273797,-0.0422805,0.0067029,0.138958855,-0.181889269,-0.004503416,-0.094050467,-0.0868817,-0.075913967,-0.0571183,-0.043010733,-0.073333333,-0.136666667,-0.133333333,0.007308567,0.008333467,0.0046255,-0.0285941,-0.691191888,-0.050778829
1992,1048.273789,7.3667,-1.148589048,4.0233,1.712,1360.949842,1452.227421,1764.272753,468.1992329,421.6812901,47.9725,5.47452949,0,-0.0013,,,,-0.13034497,-0.1301135,-0.0160252,-0.117093477,0.080823735,0.000303198,-0.061924833,-0.049784933,-0.060752667,-0.053548367,-0.036989267,0.003333333,0,-0.003333333,0.0013008,0.001873067,0.003298467,0.007702033,0.312316492,0.03729939
1992.25,1049.038493,7.6,-0.697959792,3.77,2.544,1363.883829,1452.462557,1764.43187,467.8225461,422.5197371,47.6375,5.503882779,-0.0633,-0.0207,,,,0.14817133,0.1483289,0.1536554,0.16071476,-0.166053505,-0.046738966,-0.067979967,-0.063336733,-0.076666667,-0.07,-0.0766667,-0.046666667,-0.063336667,-0.076666667,0.001838267,0.008425733,0.0096322,-0.046121867,-0.467816706,-0.000375381
1992.5,1049.637231,7.6333,-0.362009452,3.2567,1.9,1364.482567,1453.414652,1764.237629,467.6513626,423.4236931,47.76,5.505134811,-0.0933,0.008,,,,-0.09037669,-0.0905087,-0.0479476,0.035110294,-0.136837052,-0.011908147,-0.019896667,-0.093666667,0.0003333,0.007,0.010666633,-0.023333333,-0.093333333,0,-0.023741167,-0.078228567,0.0133263,-0.090461667,-0.785859617,-0.041621907
1992.75,1050.287335,7.3667,0.007674218,3.0367,2.696,1366.412007,1454.064756,1764.251089,467.049902,424.0520672,47.6,5.47696786,0,0.0007,,,,-0.44124412,-0.4403396,-0.2830335,-0.349553384,0.000412401,0.000254724,-0.0129153,0.002698967,0.0020323,0.002032267,-0.0012043,-0.003336667,0,0,-0.008530433,0.028232867,0.007778833,0.037792967,0.236530787,-0.016904583
1993,1050.180194,7.1333,-0.514548756,3.04,2.268,1367.56804,1454.309728,1764.498866,466.2580235,423.2612636,45.795,5.474355237,-0.0067,0.0013,,,,0.03154362,0.0320153,0.0629891,0.029638072,-0.119694996,-0.035072445,0.009161933,-0.009032267,-0.0023656,0.000967733,-0.0060215,-0.003333333,-0.006666667,0,-0.014069133,0.00000773,-0.000340567,-0.002127867,-0.382690043,-0.021281405
1993.25,1050.46839,7.0667,-0.645510724,3,2.424,1368.273773,1454.597925,1765.195753,467.049902,422.6848344,45.2925,5.460231765,-0.0067,-0.005,,,,0.33470071,0.3347189,0.324682,0.357529469,0.019744244,0.018536472,-0.00861,-0.006666667,-0.006666667,-0.006666667,-0.0001075,-0.003333333,-0.006666667,-0.006666667,-0.002528233,-0.002975767,-0.002495167,0.004786067,0.256468544,0.042776616
1993.5,1050.613546,6.8,-0.903713822,3.06,2.404,1368.418929,1455.268936,1765.160365,466.364662,422.8846317,44.37,5.462333087,0.0067,0.0033,,,,0.21247298,0.2124604,0.2725431,0.260184472,-0.114246996,-0.016808682,0.008986633,0.004333333,0.003333333,-0.001,0.004666633,0.006666667,0.006666667,0.003333333,0.003575767,0.0157671,0.0045852,0.032557567,-0.053661887,-0.00547804
1993.75,1051.62107,6.6333,-0.30991752,2.99,2.08,1371.895715,1455.574703,1765.728267,466.2268598,423.3976061,45.3375,5.487001582,-0.0033,-0.004,,,,-0.25043579,-0.24988,-0.1834657,-0.191399963,-0.081622725,-0.033258755,0.007693367,0.001258067,0,-0.002333333,-0.013268767,0.003333333,-0.003333333,0,-0.017331667,-0.020665567,-0.020378867,-0.008658033,-0.29860094,-0.057366017
1994,1052.328417,6.5667,-0.123809517,3.2133,1.932,1374.615201,1456.282049,1765.716592,464.9301897,423.7593173,44.4175,5.525048046,0,0.0027,,,,0.53727095,0.5374958,0.5886676,0.5202316,0.091623933,0.025695508,0.054442267,-0.002258067,0.044623667,0.041290333,0.029892467,0.046666667,0,0.033333333,0.038274067,0.007851233,0.0236068,-0.015418267,0.708188835,0.06869296
1994.25,1053.393452,6.2,0.42110493,3.94,1.988,1377.652687,1456.640368,1766.701029,465.2196891,423.7564288,44.21,5.54306912,0.0567,-0.0153,,,,0.28719449,0.2875828,0.3189584,0.36233842,0.101439804,0.037004727,0.086907733,0.056666633,-0.007956967,-0.004623633,-0.004623633,0.03667,0.056666667,0.003333333,0.0069422,0.0126305,-0.027230833,0.063898033,1.075226592,0.092360788
1994.5,1053.659275,6,0.182042757,4.4867,2.16,1376.739715,1457.260174,1767.222909,465.1271023,423.2206149,44.09,5.575586769,-0.01,-0.0027,,,,0.52816472,0.5284312,0.5814388,0.714354218,0.119786946,0.029914224,0.0207967,-0.0013333,0.0091111,0.0062222,0.003333333,0,-0.01,0.003333333,-0.004667467,0.005155133,0.004957267,-0.0074112,0.710818509,0.055151636
1994.75,1054.481498,5.6333,0.478831729,5.1667,2.196,1380.291152,1457.728414,1767.580169,464.319788,424.3942035,44.8725,5.618419154,0.01,-0.002,,,,0.30080592,0.3019767,0.3894201,0.418633791,0.244679774,0.060026954,-0.015091667,0.011548367,0.008845867,0.008401433,0.012580667,-0.006666667,0.01,0.016666667,-0.0211606,-0.004340767,-0.0026158,0.011468167,1.287145022,0.107332125
1995,1054.555194,5.4667,-0.029231263,5.81,2.288,1379.592643,1457.979258,1767.061807,464.4804275,424.3999437,45.1275,5.658137445,0.0067,0.016,0.0238735,-0.0319522,0.219239592,0.74217244,0.742304,0.7535121,0.717240033,-0.141713179,-0.022535979,-0.025748467,-0.009354833,0.019569867,0.022903233,0.0249462,0.023336667,0.006666667,0.023333333,0.027814733,0.015989567,0.026181867,-0.001598,-0.074132973,0.089363614
1995.25,1054.620948,5.6667,-0.613411575,6.02,1.756,1377.701388,1458.750482,1765.94419,464.3534764,424.8852321,46.16,5.66943341,0,0.0007,-0.052524267,0.050220763,-0.138414217,0.20918393,0.2095426,0.2281154,0.157238114,-0.126474076,-0.025448482,-0.002899897,0.005806433,0.0024731,0.0024731,0.005806433,0,0,-0.003333333,0.0118858,0.0122964,0.010723467,0.005680533,-0.53583923,0.011649523
1995.5,1055.150661,5.6667,-0.668194695,5.7967,1.896,1377.83506,1459.104293,1766.656554,464.5937779,424.8723787,46.3125,5.678942848,-0.04,-0.0253,0.021266767,-0.039099563,-0.148471127,-0.0717443,-0.0714447,0.0352156,0.032117803,-0.06969596,-0.020293337,-0.0240561,-0.048333333,-0.066666667,-0.062222233,-0.063888867,-0.026666667,-0.04,-0.05,-0.002181667,-0.0151766,-0.019191567,-0.027427233,-0.212808269,-0.036955267
1995.75,1055.552624,5.5667,-0.912633849,5.72,1.968,1379.420469,1459.506256,1766.30767,464.528473,425.5016788,46.5775,5.681468561,-0.0167,0.0027,-0.063405767,-0.00241752,0.091069033,-0.11845569,-0.1181902,-0.013886,-0.164964502,0.032221342,0.018202334,0.009028167,0.0013441,0.022473167,0.024695333,0.018297467,-0.005,-0.016666667,0,0.0134627,0.000365067,0.005907633,-0.003204733,-0.15509639,-0.063939212
1996,1055.955572,5.5333,-1.106044426,5.3633,2.16,1380.214808,1460.085107,1766.053327,464.7971021,426.0324994,48.145,5.656419072,-0.0033,-0.004,0.027068267,-0.05437105,0.004364387,0.12977887,0.1295553,0.1398095,0.121883922,0.023867115,-0.025674731,-0.026856867,-0.015699533,-0.011828,-0.0145161,-0.020430067,0,-0.003336667,-0.003333333,0.0075707,-0.001051267,0.0032517,0.000757533,-0.093525186,-0.042164514
1996.25,1057.403119,5.5,-0.408449718,5.2433,1.516,1383.212772,1461.18054,1766.756637,464.2812731,427.0578181,47.455,5.717111851,0,0.004,-0.006178267,0.0050758,0.025744163,-0.02691964,-0.0268014,0.0037818,-0.019197248,0.046430918,-0.001214326,0.002684827,0.002685467,0.009354833,0.008709667,0.009354833,0,0,0.006666667,-0.002185167,-0.003472967,0.001906133,0.006087167,0.055570719,-0.016752467
1996.5,1057.999709,5.2667,-0.486721856,5.3067,1.128,1385.33611,1461.600608,1767.379599,464.3188253,427.4427504,47.45,5.740109577,-0.0533,-0.0097,0.033245233,-0.1528371,0.244983595,-0.14774214,-0.1483107,-0.0270068,0.015594675,0.023478459,-0.008356191,-0.04272,-0.0201111,-0.013666633,-0.0021111,-0.0062222,-0.03333,-0.053333333,-0.036666667,-0.031050267,-0.0450943,-0.0410038,-0.0316852,0.081751203,-0.044341833
1996.75,1058.731645,5.3333,-0.437308134,5.28,2.028,1385.307586,1462.155709,1767.509551,464.294755,427.5679521,47.9175,5.668565396,-0.0067,-0.0063,0.096616233,-0.0993582,0.028333446,0.0184763,0.0202375,0.0862866,0.031971389,-0.123172005,-0.04462814,-0.034764467,-0.038168467,-0.0263333,-0.024555567,-0.032057367,-0.001666667,-0.006666667,-0.003333333,0.009226867,0.000453933,0.0038989,0.008691533,-0.16821368,-0.017569887
1997,1059.225013,5.2333,-0.787060304,5.2767,2.476,1386.939487,1462.649077,1768.258702,464.9474112,427.5011974,47.4375,5.688050999,0.0133,0.026,0.021640233,-0.034121133,0.118386602,,0.0510779,0.1277924,0.157284464,0.04811738,-0.010402411,-0.007258067,0.0012903,0.008225833,0.012311867,0.013172033,-0.006666667,0.013333333,0.025,-0.003720867,0.018306633,0.0276421,0.0224978,0.085133701,0.007101287
1997.25,1060.437966,5,-0.138592812,5.5233,1.08,1388.904323,1463.151548,1768.133418,464.1280297,428.8018107,48.1075,5.679849896,-0.03,-0.0043,0.011460033,-0.095677467,0.088751617,,0.0685378,0.103655,0.023278443,-0.052070021,-0.013510119,-0.022560767,-0.0196775,-0.0065592,0.001021533,0.000107533,-0.011666667,-0.03,-0.023333333,-0.0006915,-0.0175971,-0.017591833,-0.008210567,-0.196180351,-0.02473684
1997.5,1061.371306,4.8667,0.101478034,5.5333,1.424,1390.954993,1464.084888,1768.378253,464.0247713,429.645513,49.305,5.680953383,-0.0033,0.0033,-0.0724794,0.072408733,0.002739642,,-0.2541231,-0.1427021,0.11707586,-0.108509051,-0.066960025,-0.007129973,-0.003333333,0.003277833,0.004944433,0.005055567,-0.013333333,-0.003333333,0.001666667,-0.0013426,0.006498133,0.0079278,0.008538633,-0.69318951,-0.064942108
1997.75,1061.832284,4.6667,-0.045961925,5.5067,1.328,1391.785656,1464.901737,1768.340896,465.1452446,430.0613196,49.0725,5.668355171,-0.0033,-0.009,-0.005883833,-0.000354253,-0.000473197,,-0.133993,-0.0718923,-0.024502244,0.043664133,0.022608905,-0.013886667,-0.001720433,-0.0124714,-0.013331533,-0.011776,-0.00833,-0.003333333,-0.011666667,-0.002412567,-0.0010004,-0.012560033,0.004540233,-0.131593935,-0.006891419
1998,1062.561084,4.6333,-0.05009379,5.52,0.652,1394.342661,1465.630538,1768.287974,466.2410263,430.6103555,49.4875,5.58849534,0,0.0037,-0.0061391,-0.049390913,0.016175513,,-0.1241339,-0.0518049,0.203640538,0.020719198,0.004981808,-0.000107533,-0.0016129,0.004193533,0.005107567,0.006720433,-0.005,0,0.005,-0.0000634,0.006413633,0.010783467,0.003517433,0.259884895,-0.002099496
1998.25,1063.250851,4.4,-0.119717137,5.5,0.836,1394.305152,1466.851749,1768.209039,466.8332761,431.2368363,50.7325,5.609616203,-0.0033,-0.0027,-0.005794467,0.01223747,-0.025931117,,-0.1320815,-0.0645189,-0.016699444,0.048530415,0.013881229,-0.011839133,-0.0033333,-0.005000033,-0.0033871,-0.005,-0.003333333,-0.003333333,-0.005,0.004351733,0.007647933,0.000107567,0.003484733,-0.074994296,-0.013841271
1998.5,1064.239651,4.5333,0.144948783,5.5333,1.492,1396.021228,1467.663714,1768.207345,466.7797507,432.6342134,51.825,5.563789153,0.03,-0.0007,-0.078764667,0.01135545,0.0385522,,-0.1496708,-0.04442,-0.093071475,-0.092525493,-0.018979823,0.0033678,0.008218833,-0.001555533,0.001888867,0.000333333,0.001666667,0.029996667,0,0.014316367,0.035810333,0.004221933,0.018054533,-0.678156152,-0.026228952
1998.75,1065.565807,4.4333,0.782485652,4.86,1.248,1398.786258,1468.279389,1769.11204,466.5399436,433.4620512,51.4775,5.493445025,-0.0833,-0.0527,0.006666833,-0.164571207,0.169321247,,-0.4011616,-0.3070178,-0.137904754,-0.060173925,-0.029379312,-0.0882511,-0.061555467,-0.095648767,-0.087426567,-0.090333333,-0.051666667,-0.083333333,-0.098333333,-0.0005275,0.0073187,-0.0070168,-0.085621667,-0.207563708,-0.029125249
1999,1066.108731,4.3,0.777329143,4.7333,1.996,1400.394912,1469.000407,1768.639791,466.9167936,434.5440448,52.8525,5.446780177,-0.0067,0.006,0.02787,-0.0535569,0.055764637,,-0.3629233,-0.2594593,-0.188000445,0.053201163,-0.006528767,0.0016516,-0.0004301,0.003333333,0.001666667,0.000913967,0.001666667,-0.006666667,-0.003333333,0.0033573,-0.002390167,-0.005188,-0.011715167,0.011363448,-0.021148358
1999.25,1066.655717,4.2667,0.617682727,4.7467,1.34,1400.587915,1469.902633,1768.668912,466.6998789,434.8534482,52.6225,5.430725636,-0.01,0.0103,-0.064289367,-0.015500133,0.15036957,,0.0633363,0.1483469,0.144408265,0.049473907,0.018596322,-0.007428233,0.006318967,0.031148733,0.039370967,0.042752733,-0.003333333,-0.01,0.008333333,0.004914833,-0.007726667,0.006879733,-0.0013771,0.406238898,0.025704264
1999.5,1067.588482,4.2333,1.01687868,5.0933,1.444,1402.578891,1471.012546,1768.625051,466.392011,435.7247143,52.8075,5.441786113,0.005,-0.0063,-0.0606883,0.0387929,-0.00975612,,0.2652121,0.2560746,0.112945588,0.088375003,0.030181201,0.001999933,-0.017555533,-0.030611133,-0.035499967,-0.047000033,0.005,0.005,0,0.0067199,-0.0003581,-0.0029108,-0.0023972,0.339250068,0.060314263
1999.75,1069.010231,4.0667,1.826304471,5.3067,1.828,1403.649145,1472.434295,1768.922272,466.4221807,437.3263349,54.3375,5.437500616,0.0317,0.05,0.0314017,-0.131931073,0.390235126,,-0.2993343,-0.1577558,0.289615953,0.026431663,-0.052849599,0.012927833,0.0327453,0.056989267,0.0624731,0.0592473,0.001666667,0.03167,0.066666667,-0.0070953,0.0116801,0.037878333,0.0425895,0.393927647,0.002328647
2000,1069.046655,4.0333,1.339181299,5.6767,3.048,1404.387327,1473.527066,1770.057696,469.7530565,436.8383996,54.25,5.417268783,-0.0017,0.0147,-0.0699786,0.020458253,0.109974,,-0.0402271,0.0232468,-0.025477348,0.125932615,0.065116453,-0.0218545,-0.000590233,0.009086033,0.009784933,0.019677467,-0.023333333,-0.001663333,-0.001666667,-0.022112567,-0.002568333,-0.003567,-0.0091201,0.817293169,0.051568357
2000.25,1070.669917,3.9333,2.333615702,6.2733,2.26,1407.3995,1474.447338,1769.910145,467.5050663,438.8083256,55.185,5.439977948,0.0183,-0.002,-0.0216996,-0.033057296,0.067413767,,0.3748848,0.3643079,0.358794836,0.03379315,0.014950447,0.002943267,0.020684633,0.014924667,0.018408633,0.0149086,0.006666667,0.01833,0.01,0.0115862,0.0078218,0.002466233,0.014263867,0.224358415,0.067220132
2000.5,1070.517519,4,1.674559593,6.52,2.584,1405.858191,1475.347581,1769.472288,468.8738977,438.7611013,55.3225,5.389797066,0.0017,0.0027,-0.010355933,0.0175,-0.073988997,,-0.0770716,-0.0592025,0.093925361,0.128757778,0.042092684,-0.0132366,-0.0028363,-0.001,0.001,-0.0005,-0.001666667,0.001666667,0.005,0.005332967,0.005659067,0.006810433,0.0051202,0.675454051,-0.011253609
2000.75,1070.819847,3.9,1.528760378,6.4733,2.14,1405.458761,1476.172104,1769.328021,468.0221998,439.7616971,56.4125,5.412280934,0.0067,0.01,-0.033805933,-0.031512637,0.067608133,,0.0808083,0.1229384,-0.139071075,-0.014212274,0.022763905,0.005697333,0.0076344,0.021129067,0.022096733,0.021666667,0.006666667,0.006666667,0.025,0.0404036,0.006784233,0.0333216,0.037741167,0.101422038,0.027413579
2001,1070.306468,4.2333,0.499258634,5.5933,2.504,1401.725068,1476.350769,1768.774337,470.2623522,439.3572227,56.5875,5.418251185,-0.065,0.019,-0.003201867,-0.164074088,0.058671917,,-0.4823846,-0.4464054,-1.012002956,-0.183248293,-0.078211135,-0.097755733,-0.050641833,-0.056182767,-0.0537097,-0.0566129,-0.108333333,-0.064996667,-0.073333333,-0.0786711,-0.053075433,-0.0440569,-0.0446659,-0.903209113,-0.105030586
2001.25,1070.60047,4.4,0.357155309,4.3267,2.816,1400.553843,1476.299348,1767.412892,468.3408189,441.0395409,57.53,5.435785046,-0.145,-0.0133,0.081178567,-0.180115667,0.101642733,,-0.6085982,-0.5562474,-0.69051136,-0.064027314,0.001630261,-0.1590616,-0.181989267,-0.1620573,-0.1783871,-0.165720467,-0.07,-0.145,-0.13,0.010107833,0.001267,-0.001843733,-0.126448267,-0.204241277,-0.065626659
2001.5,1070.022869,4.8333,-0.768936961,3.4967,1.308,1399.235498,1476.239435,1766.899574,467.8885224,441.5606468,57.77,5.4491385,-0.0217,0.013,0.030429067,-0.112847367,0.149466767,,-0.1625399,-0.1289616,-0.047986841,0.000394033,0.022649731,0.035496633,0.015000033,0.005444367,0.003333367,0.002333333,0.001666667,-0.006666667,-0.013333333,0.011161333,-0.000355567,0.0005901,-0.008004867,-0.60655052,0.002409084
2001.75,1070.045406,5.5,-1.19677561,2.1333,1.208,1397.759879,1476.433942,1765.818299,467.2912943,442.8218187,58.8675,5.357905327,-0.07,-0.024,-0.114725,-0.021868633,0.0345695,,-0.572334,-0.3825281,-0.665883807,-0.125987372,-0.093427481,-0.0642233,-0.0667742,-0.0891398,-0.105376433,-0.100376367,-0.053333333,-0.07,-0.096666667,-0.001309,-0.013612067,-0.031579733,0.002087167,-0.291584262,-0.024889293
2002,1070.743791,5.7,-1.019487534,1.7333,1.28,1398.834913,1476.61553,1765.780451,465.7250171,445.0584412,60.265,5.372427365,-0.0083,-0.0207,0.020883167,-0.033228867,0.1750628,,-0.7321722,-0.5211734,-0.099140778,0.096018207,0.031685476,0.003887967,-0.0028494,-0.011344033,-0.013440833,-0.012473067,-0.005,-0.008333333,-0.018333333,-0.016624433,-0.022249167,-0.024752833,-0.020142067,0.291652733,0.020117966
2002.25,1071.072206,5.8333,-1.105778648,1.75,1.488,1399.163327,1477.460741,1766.112105,466.0037087,445.1132833,59.8575,5.395066096,-0.01,-0.0035,0.0330228,-0.055680767,0.048112167,,0.1427961,0.2081397,-0.137076962,-0.053181417,0.016586157,-0.0028513,-0.0159319,-0.027016167,-0.032571633,-0.035206167,0.005,-0.01,-0.008333333,0.0152951,0.008396167,-0.002906533,0.008468933,-0.327304116,-0.007838798
2002.5,1071.303904,5.7333,-1.351711358,1.74,1.78,1399.395026,1477.69244,1766.33182,465.4274586,445.8779321,60.305,5.455371243,-0.015,-0.022,-0.052734367,0.020451233,0.2520668,,0.0176639,0.1041661,0.119838438,0.082194887,0.073280168,0.015908867,-0.016499967,-0.023277767,-0.053500033,-0.065944433,0.013333333,-0.015,-0.03,0.013201733,-0.0137935,-0.027443,-0.022285967,0.089848651,0.031350592
2002.75,1071.123493,5.8667,-1.887708582,1.4433,2.16,1398.080387,1478.537679,1765.310959,465.4836157,445.7238462,60.1075,5.478685157,-0.025,-0.0197,-0.168142833,0.0713185,0.396214767,,-0.3608495,-0.2800267,-0.641210509,-0.157742201,-0.084838223,-0.061555533,-0.0272455,-0.022340533,-0.027530433,-0.028204267,-0.053333333,-0.025,-0.018333333,-0.0383982,-0.0032799,-0.0040339,-0.006362867,-0.498286386,-0.055073832
2003,1071.432888,5.8667,-2.027370821,1.25,2.46,1398.008829,1479.186632,1765.359836,464.702205,446.7389779,60.3125,5.518453611,0.0033,0.0086,0.069371,-0.0835,0.0423803,,-0.0525948,0.0202895,0.13359494,-0.2756458,-0.111902311,0.006920633,0.007956967,0.0141936,0.0224193,0.019946267,0.00333,0.003333333,0.01,0.004069233,0.001559433,0.014816067,0.0080625,-1.069358072,0.043678772
2003.25,1072.132718,6.1333,-1.86571613,1.2467,1.28,1398.708659,1479.37669,1765.489129,464.959847,448.0638177,61.655,5.522007891,0.0217,-0.0095,-0.034148933,0.0441153,0.218403633,,-0.2802698,-0.2291566,-0.093767238,-0.033338234,-0.016892181,0.025755967,-0.009989267,-0.022741933,-0.028666633,-0.043075333,0.02,0.021666667,0.006666667,0.027454833,0.033348633,0.017994533,0.045160633,0.014342251,-0.03186455
2003.5,1073.546146,6.1333,-0.877288581,1.0167,2.212,1401.637267,1480.448821,1764.952317,463.9417011,450.2173541,62.775,5.539123636,0,-0.0111,0.0501795,-0.0603285,-0.016895,,-0.3679172,-0.2717572,-0.124993268,-0.121923542,-0.035899316,0.037786733,0.028000033,0.0175,0.022833333,0.003666733,0.001666667,0,-0.01,-0.004739567,0.0000668,-0.0148182,-0.0066092,-0.539398973,-0.00013682
2003.75,1074.470985,5.8333,-0.429185274,0.9967,1.892,1403.683614,1481.031194,1765.473949,464.1993798,451.1968781,62.3125,5.630030373,-0.0017,0.0049,0.023274567,-0.0266164,-0.065143867,,-0.4965423,-0.4209876,-0.284981957,0.016794041,0.007391904,0.00012,-0.0020968,-0.029596767,-0.0238978,-0.0256452,0,-0.001666667,-0.028333333,0.0020367,0.011740933,-0.0288329,0.014202967,-0.122929307,-0.073422626
2004,1074.849708,5.7,-0.585231485,1.0033,3.476,1404.062337,1481.752384,1765.56328,463.3203554,451.1716282,62.3075,5.694137006,0,0.0301,-0.017176833,0.0029779,0.186907167,,-0.024637,-0.0369602,-0.237645344,-0.161076148,-0.033965992,0.001666633,0.001236633,0.026774167,0.052634333,0.071774133,0,0,0.016666667,-0.0000432,-0.006350167,0.009998767,-0.009308633,-0.237734621,-0.068002243
2004.25,1075.361711,5.6,-0.505854958,1.01,3.468,1406.050382,1482.0933,1765.354074,463.6591331,452.1060051,63.2,5.70655586,-0.005,0.0121,0.003001333,-0.054332633,-0.086855467,,0.037275,0.0292589,-0.142871546,0.060899668,0.031668846,-0.003882167,-0.002584233,-0.008344,-0.009847633,-0.009629033,-0.004996667,-0.005,-0.008333333,-0.008814333,-0.0093284,-0.011338867,-0.0048841,0.506426695,-0.043730149
2004.5,1076.017689,5.4333,-0.232433422,1.4333,2.456,1407.436289,1482.920364,1765.392627,464.3573257,452.4654033,63.9175,5.684359767,0.01,-0.0006,-0.067049167,0.026217233,0.294791367,,0.4479468,0.4268591,0.489502788,-0.187027047,-0.076634468,0.000848833,0.008996633,0.003666667,0.0052778,0.0062778,0.001666667,0.009996667,0.01,-0.0008866,0.007701567,0.010797433,0.0042529,-0.168209999,0.077637245
2004.75,1076.629312,5.4333,0.113232574,1.95,2.796,1409.132914,1483.702781,1765.455105,463.612607,452.7889494,64.5025,5.68652713,-0.005,-0.0143,-0.066445567,0.049294833,0.169693267,,0.3954168,0.4543044,0.404866959,-0.133268144,-0.070303176,-0.004267067,-0.006519967,-0.0129032,-0.0195699,-0.024982133,-0.003333333,-0.004996667,-0.011666667,-0.001231867,-0.006204267,-0.0184087,0.0088201,-0.252748546,0.085231274
2005,1077.478092,5.3,0.583773585,2.47,3.688,1410.698543,1483.866627,1765.316386,462.3658224,453.8795313,64.8025,5.680565299,0.0033,0.0314,-0.010157133,-0.035429367,0.311464781,,0.118291,0.1680486,0.191696038,-0.008956299,0.013247717,-0.001276267,0.0003763,0.000430133,0.001451567,0.001827933,0,0.003333333,0.018333333,-0.006443133,0.000276033,0.013751567,-0.001061267,0.373095351,0.048392274
2005.25,1077.785151,5.1,0.438788209,2.9433,2.896,1410.288753,1484.687827,1766.142935,462.2499168,453.7800996,64.8725,5.698443794,0.0083,0.002,-0.0005836,-0.007728873,0.109781863,,0.5453938,0.5301628,0.365931028,-0.065096286,-0.00522929,-0.001898833,0.005758033,0.021417633,0.0303405,0.035876367,0,0.008333333,0.023333333,0.001477,0.004382333,0.0221414,0.011057233,0.444555801,0.044939588
2005.5,1078.369504,4.9667,0.749350952,3.46,3.724,1410.873106,1485.442974,1766.183512,461.7128401,454.5207845,65.11,5.678396059,0.0067,-0.0165,-0.0638347,0.001380767,0.197669201,,0.2999568,0.309533,0.353386548,0.070826745,0.042907673,0.0015388,0.0051667,0.0112221,0.008999967,0.0057222,0.003333333,0.006666667,-0.003333333,-0.0001177,0.0019459,-0.0053427,0.005356367,0.687222252,0.042905989
2005.75,1078.686245,4.9667,0.834201694,3.98,3.024,1411.906696,1486.270354,1766.329328,461.527892,454.5643087,64.645,5.700296847,-0.0017,-0.0026,-0.021600767,0.006541867,0.0099252,,0.2576687,0.2695316,0.3043844,-0.040937771,-0.068209176,0.006014267,0.005311833,0.003435533,-0.000684567,0.000982133,-0.003333333,-0.001666667,-0.001666667,-0.0085143,-0.0105724,-0.005103833,-0.0028971,0.586568624,0.035104488
2006,1079.663247,4.7333,1.646350589,4.4567,3.132,1413.595445,1486.394836,1766.73876,462.3834911,455.1547866,65.39,5.737378905,0.0183,0.0262,0.018468433,-0.041458362,0.189256138,,0.2000051,0.2090219,0.310660673,-0.065874857,-0.031592425,0.000555767,0.008978533,0.0087634,0.010376367,0.012258033,0.001666667,0.018333333,0.026666667,-0.0066281,0.0003957,0.013435867,0.0244634,0.333570635,0.039106251
2006.25,1079.734861,4.6333,1.408212326,4.9067,3.204,1412.238463,1486.978834,1766.96272,461.6545244,455.065064,64.5475,5.791219704,0.0033,0.0099,-0.015189767,-0.005103248,-0.058534167,,0.6312646,0.6044538,0.28778047,0.079715741,0.02092035,-0.0003333,0.019820767,0.0333011,0.038197133,0.0396487,-0.001666667,0.003333333,0.003333333,0.0086379,0.0178307,0.009561833,0.0204278,0.611777547,0.085371971
2006.5,1079.567,4.6333,1.130476483,5.2467,2.78,1411.348577,1487.490093,1767.248772,461.6841807,454.6385745,63.8725,5.8298242,-0.0117,0.0046,0.000517433,-0.01724516,-0.112378123,,0.1118122,0.1261501,0.177231472,-0.06722468,-0.013579676,-0.022225467,-0.019444367,-0.0232223,-0.02,-0.0187778,-0.013333333,-0.011666667,-0.005,-0.005216367,-0.002437233,0.0067314,-0.002855567,0.276213888,-0.015109163
2006.75,1080.090123,4.4333,1.586434518,5.2467,1.396,1410.043496,1487.674232,1767.680027,462.6373792,455.374004,64.2625,5.868677544,-0.0033,-0.0185,-0.010006467,0.018036927,-0.065827273,,-0.0891731,-0.0137968,0.17394574,0.055510209,-0.021526689,-0.004831233,-0.002742,-0.0006702,-0.010939033,-0.0115698,-0.001666667,-0.003333333,-0.006666667,0.0056712,-0.001196633,0.000622933,0.012832667,0.15148128,-0.018986641
2007,1079.931024,4.5,1.469228589,5.2567,4.468,1408.39738,1488.023178,1767.293873,464.0546982,455.4634499,63.855,5.910179027,-0.0067,-0.0205,0.012183967,-0.01593661,-0.052753247,,0.0487279,0.0863401,-0.312437415,-0.020149581,-0.004580743,-0.0016667,-0.0040334,-0.013010733,-0.0234409,-0.0273657,0,-0.00667,-0.031666667,0.003068233,-0.0094076,-0.032377967,-0.006711067,-0.09177859,-0.000265039
2007.25,1080.468495,4.5,1.72685693,5.25,2.228,1408.934852,1488.222239,1767.193696,462.8075837,456.0716605,63.3675,5.983604664,0.0017,0.0107,-0.016415033,0.00528125,0.02752169,,-0.0947045,-0.0833344,0.092941341,0.120472687,0.023509701,-0.002346567,-0.0015613,-0.008596833,-0.005897867,-0.003897767,-0.001666667,0.001666667,0.013333333,-0.003599333,-0.0028703,0.0089253,0.018904,0.234841044,-0.02608786
2007.5,1080.881844,4.6667,1.991878695,5.0733,1.384,1408.218245,1488.804937,1766.987803,461.836278,457.2646994,63.5575,6.01422084,-0.065,0.0136,0.026301556,-0.17593578,0.20813218,,-0.6357841,-0.5634434,-0.176169101,-0.058816022,-0.014498516,-0.026735533,-0.0245556,-0.030222167,-0.0333889,-0.031555567,-0.025,-0.056666667,-0.066666667,-0.016018667,-0.039748133,-0.053848533,-0.021862067,-0.28703617,-0.07096552
2007.75,1080.984915,4.8,2.354869887,4.4967,1.74,1406.409212,1489.414338,1766.277525,462.2096131,457.6904447,63.9525,6.024882235,0.02,-0.006,-0.058466867,-0.046966647,0.113519333,,-0.5107119,-0.3788987,-0.540997719,-0.187750533,-0.052992095,-0.0391056,-0.015336833,0.0166147,0.001276033,-0.009492867,0.005,0.02,0.065,0.024785433,0.043936133,0.082083867,0.048258833,-0.830881812,-0.021583471
2008,1080.079932,5,1.564963035,3.1767,2.28,1402.366716,1489.847167,1765.747423,463.7918072,456.7146356,62.8175,6.088682344,-0.0217,0.0609,-0.090146167,-0.16968135,0.570736583,,,,,-0.243546672,-0.031494448,-0.1756424,-0.070483933,-0.054462333,-0.045215033,-0.035698867,,,,,,,0.004365,-1.682902975,-0.172526298
2008.25,1080.35676,5.3333,1.890155153,2.0867,1.94,1400.224072,1490.621096,1765.21309,462.4472688,457.7079306,63.1,6.141418547,-0.02,-0.0026,-0.020656333,-0.006682967,-0.0881397,,,,,0.206704075,0.027039902,-0.0048965,-0.0102903,-0.0257634,-0.026171967,-0.018419333,,,,,,,0.0130104,0.258923186,0.024563128
2008.5,1079.63254,6,1.17438894,1.94,2.732,1396.601098,1490.391519,1764.291056,462.3098509,457.9760066,63.51,6.098856639,0.03,0.0204,-0.066553367,-0.315375667,0.713274067,,,,,0.247370327,0.205166967,0.014194967,0.014000033,-0.0021667,-0.002833367,-0.009000067,,,,,,,0.039716133,1.799237329,0.107593557
2008.75,1077.262378,6.8667,-1.177127705,0.5067,0.568,1388.168474,1488.021357,1762.354245,463.9842108,457.3256313,63.565,5.814497697,-0.0817,-0.0572,-0.1806068,0.05667875,0.322901467,,,,,0.122552195,0.105597565,-0.061801133,-0.031826333,-0.059919333,-0.073306467,-0.079139767,,,,,,,0.0002299,1.314580481,
2009,1075.664677,8.2667,-2.469808036,0.1833,0.988,1378.678047,1486.587995,1759.344854,460.368909,458.0754535,64.725,5.758132449,-0.0033,-0.1417,-0.108513233,0.115833867,0.0894879,,,,,0.167905041,0.069788576,-0.0241672,-0.031345667,-0.0599463,-0.063225733,-0.062473067,,,,,,,0.023441267,1.118835483,
2009.25,1075.323242,9.3,-2.785157132,0.18,-0.668,1373.385105,1486.574428,1758.202707,461.3058987,459.9966671,66.7825,5.857280211,0.0017,0.0563,0,0,0,,,,,0.075844925,-0.020208576,0.0016667,-0.000161333,-0.004912067,-0.0000233,0.007835133,,,,,,,0.031707367,0.435805967,
2009.5,1075.419388,9.6333,-2.606975672,0.1567,-0.088,1373.481252,1487.323106,1756.810434,460.5640076,461.4149749,66.945,5.925581414,-0.0067,-0.0195,0,0,0,,,,,-0.053341467,-0.067642646,-0.0004444,-0.003000033,-0.004500067,-0.003722267,0.001777733,,,,,,,-0.002231033,-0.137553221,
2009.75,1076.151338,9.9333,-1.718513105,0.12,1.184,1377.213426,1487.729322,1756.410014,459.8427505,462.607025,67.385,5.992409284,-0.005,0.019,0,0,0,,,,,0.121095578,0.051611471,-0.008478967,-0.007856833,-0.028222233,-0.0355018,-0.040365633,,,,,,,-0.0110698,0.423062589,
2010,1076.384265,9.8333,-1.560092216,0.1333,1.408,1379.397635,1487.96225,1757.051462,458.2321123,463.1373851,66.42,6.055117356,-0.0033,0.0027,0,0,0,,,,,0.019448364,-0.001687885,-0.007556133,-0.002526933,-0.0018279,0.005537667,0.0145699,,,,,,,,0.32515877,
2010.25,1077.161692,9.6333,-0.891545006,0.1933,1.772,1383.0324,1488.249079,1757.762743,458.629313,463.4913437,65.88,6.066930308,-0.0033,0.0045,0,0,0,,,,,-0.073671517,-0.029064966,-0.000389433,-0.004946233,-0.0089499,-0.011813667,-0.011759833,,,,,,,,-0.231168768,
2010.5,1077.634873,9.4667,-0.430903588,0.1867,1.824,1384.440166,1488.393852,1758.144873,458.2034611,463.9784151,66.3425,6.106393901,0.0017,-0.0231,-0.1563025,0.1509233,0.185360367,,,,,-0.003004003,0.00433041,0.002452233,0.0005556,-0.005333233,-0.011555533,-0.013222233,,,,,,,,0.049151649,
2010.75,1078.060077,9.5,-0.229147758,0.1867,2.044,1384.399169,1489.147463,1758.091892,457.7727044,464.3977352,65.925,6.20617348,0.0017,0.0307,-0.072591,0.078414267,0.056243,,,,,-0.021615796,-0.025308809,0.002776633,0.002777733,-0.005555633,-0.004856667,-0.004856667,,,,,,,,0.008958374,
2011,1077.505285,9.0333,-0.793942498,0.1567,1.76,1382.905403,1489.895621,1757.732222,460.1533582,463.5573292,65.605,6.31996509,-0.0017,0.0114,0,0,0,,,,,-0.025992043,-0.002122301,-0.001666533,-0.0016666,-0.0016667,-0.002204333,-0.005376367,,,,,,,,-0.109632349,
2011.25,1078.062157,9.0667,-0.430753272,0.0933,2.904,1384.86745,1490.29055,1757.705469,458.5803863,463.8846712,65.2975,6.335018893,-0.0033,0.0029,0,0,0,,,,,-0.025882508,0.007719435,0,-0.000500033,0.000500033,0.0020054,0.0045108,,,,,,,,0.082435745,
2011.5,1078.072556,9,-0.832459917,0.0833,2.408,1384.877849,1490.462892,1758.386109,458.7728968,463.7075747,65.335,6.294289966,0.005,-0.0221,-0.260478467,0.223170933,0.4745175,,,,,-0.137064646,-0.034796871,-0.001420033,-0.0006111,0.008944533,-0.003277767,-0.015944467,,,,,,,,-0.532392417,
2011.75,1078.995805,8.6333,-0.077689412,0.0733,0.572,1390.347336,1490.573789,1758.837401,456.4462768,464.3919634,65.96,6.203558012,0.0033,-0.0038,0,0,0,,,,,-0.139968469,-0.054386576,0.002733867,0.007777767,0.017598467,0.019820767,0.021487467,,,,,,,,-0.27674608,
2012,1079.491166,8.2667,0.281767466,0.1033,2.108,1392.167219,1490.905885,1759.549666,458.1584211,464.5419216,66.6925,6.207322607,0,-0.0036,-0.065510533,0.079078633,0.010049667,,,,,-0.153648248,-0.075745534,-0.001110567,0,-0.0026881,-0.0039785,-0.006290333,,,,,,,,-0.630219617,
2012.25,1079.790071,8.2,0.269250249,0.1533,1.824,1393.339492,1490.713388,1759.410787,457.5864952,465.111822,66.6875,6.178277282,0.0033,-0.0078,-0.007780933,0.004710367,0.047903067,,,,,0.047008997,0.043697614,0.0009179,0.0012222,0.0030896,0.0043799,0.005025067,,,,,,,,0.315651027,
2012.5,1079.714405,8.0333,-0.057843682,0.1433,2.148,1393.263827,1490.637723,1759.640121,457.3369873,464.9215779,66.525,6.189721032,0.0117,0.0348,0.054150167,-0.044833567,-0.107068133,,,,,-0.05403728,-0.018521142,,,,,,,,,,,,,-0.412727422,
2012.75,1079.540362,7.8,-0.425155389,0.16,1.616,1392.654053,1490.791549,1759.590335,460.1714221,464.4958046,66.2975,6.180057747,-0.0017,0.0089,0.0420946,-0.049776567,-0.039648167,,,,,0.015354523,-0.012661576,,,,,,,,,,,,,0.182948581,
2013,1080.088085,7.7333,-0.04264625,0.1433,1.56,1395.361687,1490.847064,1759.301521,457.3369873,464.7309712,66.0975,6.186846281,0.0033,-0.0044,0,0,0,,,,,-0.116830017,-0.025140278,,,,,,,,,,,,,-0.295374139,
2013.25,1080.12069,7.5333,-0.435451353,0.1167,0.832,1396.245361,1490.71506,1759.503422,458.6333892,464.5803363,66.1675,,0,0.0265,0.111866567,-0.126106833,-0.042422233,,,,,0.005062296,-0.010010754,,,,,,,,,,,,,-0.103765118,
2013.5,1080.691592,7.2333,-0.186758421,0.0833,1.924,1397.66015,1490.955928,1759.596319,457.9247067,464.9856704,66.61,,0,-0.0451,-0.0461828,0.057901667,-0.028038633,,,,,-0.051491657,0.009824723,,,,,,,,,,,,,-0.012049482,
2013.75,1081.460493,6.9333,0.062694772,0.0867,2.056,1398.848338,1491.559403,1759.783687,456.8786245,465.9980289,67.38,,0,0.013,0.051741933,-0.060806,-0.026189967,,,,,0.036000623,0.012306823,,,,,,,,,,,,,-0.172380571,
2014,1081.061644,6.6667,-0.778290923,0.0733,1.656,1397.609149,1491.984962,1760.2473,459.0827824,465.1882001,66.7525,,0,0.0117,0.041125933,-0.0595283,0.092976367,,,,,-0.116337463,-0.062286336,,,,,,,,,,,,,-0.442099855,
2014.25,1082.015821,6.2333,-0.002159311,0.0933,2.248,1400.651085,1492.445311,1760.634557,457.3555672,465.8094649,67.3425,,0,0.0015,-0.008486967,0.010044067,-0.033438933,,,,,-0.091000784,-0.019273815,,,,,,,,,,,,,-0.641051042,
2014.5,1083.079735,6.1,0.634472023,0.09,1.816,1402.538048,1493.178646,1760.935744,456.5410127,466.8426636,68.095,,0,0.0039,0.0102251,-0.021227367,0.064670667,,,,,-0.009400077,0.00870406,,,,,,,,,,,,,-0.088259799,
2014.75,1083.374036,5.7,0.612494155,0.1,0.58,1402.832349,1493.968406,1761.490189,458.2362047,466.3222089,68.0525,,0.0017,0.0005,0.067367133,-0.074009533,-0.007369467,,,,,-0.010627815,0.011052804,,,,,,,,,,,,,-0.067043183,
2015,1084.007099,5.5667,0.806526114,0.11,-0.068,1405.091464,1494.106009,1761.566436,458.4018049,467.0602058,68.7625,,-0.0083,-0.0229,-0.0294431,0.0280861,-0.0139123,,,,,0.072596362,0.041166561,,,,,,,,,,,,,,
2015.25,1084.513409,5.4,0.954269014,0.1233,2.152,1405.193734,1494.44662,1761.473374,458.4834817,467.3875016,69.3875,,-0.0067,-0.0174,0.028492333,-0.020295733,-0.1208319,,,,,0.160522677,0.095140122,,,,,,,,,,,,,,
2015.5,1084.717942,5.1,0.691209022,0.1367,1.344,1405.398266,1495.147431,1761.305149,458.1502298,467.6830164,69.2625,,-0.0183,-0.0185,-0.059455,0.0341899,-0.021391733,,,,,0.105615298,0.055525225,,,,,,,,,,,,,,
2015.75,1084.636179,5,0.128541369,0.16,0.824,1404.094492,1495.230549,1762.098451,459.8648969,466.9993042,68.635,,0.0117,-0.0029,-0.0320935,0.004851067,0.137550433,,,,,0.182550342,0.07943266,,,,,,,,,,,,,,
2016,1084.61865,4.9333,0.033306022,0.36,0.248,1402.424033,1495.706036,1762.28439,458.9823018,466.7346544,68.615,,-0.0217,-0.0288,-0.011358833,0.009684433,-0.101009567,,,,,0.034672105,0.022347717,,,,,,,,,,,,,,
2016.25,1085.007468,4.8667,-0.097230694,0.3733,2.404,1402.395314,1496.422187,1762.012083,459.3947446,466.9721207,68.325,,-0.0083,-0.0074,-0.016851367,0.012327833,-0.009202967,,,,,-0.062643187,-0.051904449,,,,,,,,,,,,,,
2016.5,1085.497167,4.9333,-0.158862565,0.3967,1.36,1402.885013,1497.075151,1762.427179,459.0716229,467.5675247,69.3225,,-0.0067,-0.015,,,,,,,,0.043103661,0.025847467,,,,,,,,,,,,,,
2016.75,1085.738231,4.7333,-0.262741538,0.45,2.008,1403.959415,1497.641948,1762.20678,457.0340618,467.858792,69.405,,0.005,0.0201,,,,,,,,0.068156387,-0.003571899,,,,,,,,,,,,,,
2017,1085.886437,4.6667,-0.305870491,0.7,1.976,1403.69182,1497.952624,1762.462977,457.9749809,467.9191726,69.675,,,,,,,,,,,0.061399202,0.027870973,,,,,,,,,,,,,,
2017.25,1086.475165,4.3333,-0.384124583,0.95,1.004,1404.696349,1498.541352,1762.776348,457.5298435,468.3445178,69.8225,,,,,,,,,,,-0.003714244,-0.016266482,,,,,,,,,,,,,,
2017.5,1087.056645,4.3,-0.210325674,1.1533,2.064,1406.10428,1498.634629,1763.24098,457.2616002,468.9961601,70.5525,,,,,,,,,,,0.06025212,0.02856669,,,,,,,,,,,,,,
2017.75,1087.576156,4.1,0.044677601,1.2033,2.32,1407.03447,1499.31714,1763.068553,457.1830545,469.082481,70.0675,,,,,,,,,,,0.022982382,-0.032002035,,,,,,,,,,,,,,